Chemical	Day	Hour	Reading
Methylosmolene	31	23	0.821173956
Methylosmolene	31	22	0.607352078
Methylosmolene	31	21	0.502276344
Methylosmolene	31	20	0.551265778
Methylosmolene	31	19	0.594422278
Methylosmolene	31	18	0.514928667
Methylosmolene	31	17	0.660583144
Methylosmolene	31	16	1.026908333
Methylosmolene	31	15	0.870164
Methylosmolene	31	14	0.478384222
Methylosmolene	31	13	0.417328211
Methylosmolene	31	12	0.541313923
Methylosmolene	31	11	0.400634444
Methylosmolene	31	10	0.746494556
Methylosmolene	31	9	0.864602289
Methylosmolene	31	8	0.525794889
Methylosmolene	31	7	0.756062333
Methylosmolene	31	6	0.588929878
Methylosmolene	31	5	0.534722178
Methylosmolene	31	4	0.575761778
Methylosmolene	31	3	0.57840319
Methylosmolene	31	2	0.603005506
Methylosmolene	31	1	0.586601222
Methylosmolene	31	0	0.768034463
Methylosmolene	30	23	0.545298844
Methylosmolene	30	22	0.688754278
Methylosmolene	30	21	0.591612556
Methylosmolene	30	20	0.359957156
Methylosmolene	30	19	0.561331778
Methylosmolene	30	18	0.606607889
Methylosmolene	30	17	0.614718667
Methylosmolene	30	16	0.455347
Methylosmolene	30	15	0.495243756
Methylosmolene	30	14	0.371977944
Methylosmolene	30	13	0.670819367
Methylosmolene	30	12	0.543067322
Methylosmolene	30	11	0.552453156
Methylosmolene	30	10	0.526836978
Methylosmolene	30	9	0.394138322
Methylosmolene	30	8	0.461248167
Methylosmolene	30	7	0.828453556
Methylosmolene	30	6	0.632718333
Methylosmolene	30	5	0.6274482
Methylosmolene	30	4	0.899928889
Methylosmolene	30	3	0.558760667
Methylosmolene	30	2	0.723391
Methylosmolene	30	1	0.539641856
Methylosmolene	30	0	0.363225478
Methylosmolene	29	23	1.145595889
Methylosmolene	29	22	0.323836071
Methylosmolene	29	21	0.569616222
Methylosmolene	29	20	0.726148222
Methylosmolene	29	19	0.598187033
Methylosmolene	29	18	0.823884833
Methylosmolene	29	17	0.649902367
Methylosmolene	29	16	0.5929228
Methylosmolene	29	15	0.532153256
Methylosmolene	29	14	0.528567144
Methylosmolene	29	13	0.586495778
Methylosmolene	29	12	0.544965422
Methylosmolene	29	11	0.595666722
Methylosmolene	29	10	0.838894711
Methylosmolene	29	9	0.639079
Methylosmolene	29	8	0.510686489
Methylosmolene	29	7	0.718325022
Methylosmolene	29	6	0.535463167
Methylosmolene	29	5	0.647721778
Methylosmolene	29	4	0.513358344
Methylosmolene	29	3	0.391806856
Methylosmolene	29	2	0.747540367
Methylosmolene	29	1	0.2701678
Methylosmolene	29	0	0.6513415
Methylosmolene	28	23	0.621695478
Methylosmolene	28	22	0.625069978
Methylosmolene	28	21	0.903308378
Methylosmolene	28	20	0.721162667
Methylosmolene	28	19	0.459271456
Methylosmolene	28	18	0.6966564
Methylosmolene	28	17	0.459963667
Methylosmolene	28	16	0.36786712
Methylosmolene	28	15	0.8328779
Methylosmolene	28	14	0.621276556
Methylosmolene	28	13	0.817282444
Methylosmolene	28	12	0.925216667
Methylosmolene	28	11	0.565062956
Methylosmolene	28	10	0.372226789
Methylosmolene	28	9	0.605931556
Methylosmolene	28	8	0.640632328
Methylosmolene	28	7	0.431944222
Methylosmolene	28	6	0.398605778
Methylosmolene	28	5	0.572911667
Methylosmolene	28	4	0.595529222
Methylosmolene	28	3	0.988689111
Methylosmolene	28	2	0.656762889
Methylosmolene	28	1	0.517132611
Methylosmolene	28	0	0.606228333
Methylosmolene	27	23	0.609728111
Methylosmolene	27	22	0.606575556
Methylosmolene	27	21	0.479274711
Methylosmolene	27	20	0.789577778
Methylosmolene	27	19	0.679713044
Methylosmolene	27	18	0.819103889
Methylosmolene	27	17	0.544865444
Methylosmolene	27	16	0.513108011
Methylosmolene	27	15	0.659971444
Methylosmolene	27	14	0.432395756
Methylosmolene	27	13	0.661106967
Methylosmolene	27	12	0.563865
Methylosmolene	27	11	0.837138111
Methylosmolene	27	10	0.507036089
Methylosmolene	27	9	1.035628778
Methylosmolene	27	8	0.573562
Methylosmolene	27	7	0.573833778
Methylosmolene	27	6	0.625908622
Methylosmolene	27	5	0.502750667
Methylosmolene	27	4	0.704405333
Methylosmolene	27	3	0.526499189
Methylosmolene	27	2	0.541849111
Methylosmolene	27	1	0.495287889
Methylosmolene	27	0	0.474988556
Methylosmolene	26	23	0.520905556
Methylosmolene	26	22	0.60821206
Methylosmolene	26	21	0.413672356
Methylosmolene	26	20	0.596130844
Methylosmolene	26	19	0.828585889
Methylosmolene	26	18	0.713310922
Methylosmolene	26	17	0.5694913
Methylosmolene	26	16	0.494506833
Methylosmolene	26	15	0.509523811
Methylosmolene	26	14	0.650350311
Methylosmolene	26	13	0.504059144
Methylosmolene	26	12	0.509509567
Methylosmolene	26	11	0.345502522
Methylosmolene	26	10	0.5965183
Methylosmolene	26	9	0.684689911
Methylosmolene	26	8	0.630473444
Methylosmolene	26	7	0.669645478
Methylosmolene	26	6	0.793322556
Methylosmolene	26	5	0.485591556
Methylosmolene	26	4	0.892455111
Methylosmolene	26	3	0.722613667
Methylosmolene	26	2	0.467988222
Methylosmolene	26	1	0.775855556
Methylosmolene	26	0	0.507139822
Methylosmolene	25	23	0.419893989
Methylosmolene	25	22	0.770306111
Methylosmolene	25	21	1.20020675
Methylosmolene	25	20	0.568000538
Methylosmolene	25	19	0.566309375
Methylosmolene	25	18	0.543575433
Methylosmolene	25	17	0.611651814
Methylosmolene	25	16	0.514346333
Methylosmolene	25	15	0.649357578
Methylosmolene	25	14	0.507624967
Methylosmolene	25	13	0.491959133
Methylosmolene	25	12	0.740983444
Methylosmolene	25	11	0.642235222
Methylosmolene	25	10	0.603025311
Methylosmolene	25	9	0.6020032
Methylosmolene	25	8	0.678874889
Methylosmolene	25	7	0.637703122
Methylosmolene	25	6	1.125467111
Methylosmolene	25	5	0.664446838
Methylosmolene	25	4	0.604230786
Methylosmolene	25	3	0.449492
Methylosmolene	25	2	0.541136889
Methylosmolene	25	1	0.4661086
Methylosmolene	25	0	0.8966807
Methylosmolene	24	23	1.356407111
Methylosmolene	24	22	0.748983667
Methylosmolene	24	21	0.6392013
Methylosmolene	24	20	0.627353025
Methylosmolene	24	19	0.579855364
Methylosmolene	24	18	0.651185889
Methylosmolene	24	17	0.474733756
Methylosmolene	24	16	0.586691822
Methylosmolene	24	15	0.507428656
Methylosmolene	24	14	0.86745275
Methylosmolene	24	13	0.951428333
Methylosmolene	24	12	0.94461575
Methylosmolene	24	11	0.603284367
Methylosmolene	24	10	0.722555444
Methylosmolene	24	9	0.584734778
Methylosmolene	24	8	0.412682856
Methylosmolene	24	7	0.853457367
Methylosmolene	24	6	0.633638857
Methylosmolene	24	5	0.694604578
Methylosmolene	24	4	0.565307222
Methylosmolene	24	3	0.499952219
Methylosmolene	24	2	0.511278733
Methylosmolene	24	1	0.661364889
Methylosmolene	24	0	0.579220089
Methylosmolene	23	23	0.970586233
Methylosmolene	23	22	0.525450358
Methylosmolene	23	21	0.627151222
Methylosmolene	23	20	0.632350444
Methylosmolene	23	19	0.569219444
Methylosmolene	23	18	0.555438189
Methylosmolene	23	17	0.576426333
Methylosmolene	23	16	0.671313889
Methylosmolene	23	15	0.626599333
Methylosmolene	23	14	0.349072
Methylosmolene	23	13	0.6496803
Methylosmolene	23	12	0.540911289
Methylosmolene	23	11	0.762506111
Methylosmolene	23	10	0.682083889
Methylosmolene	23	9	0.321085867
Methylosmolene	23	8	0.466004122
Methylosmolene	23	7	0.6057802
Methylosmolene	23	6	0.481724388
Methylosmolene	23	5	0.912115778
Methylosmolene	23	4	1.242087878
Methylosmolene	23	3	1.115091444
Methylosmolene	23	2	0.3491237
Methylosmolene	23	1	0.654637167
Methylosmolene	23	0	0.452736778
Methylosmolene	22	23	0.455928378
Methylosmolene	22	22	0.3883284
Methylosmolene	22	21	0.637888333
Methylosmolene	22	20	0.631349389
Methylosmolene	22	19	0.365996144
Methylosmolene	22	18	0.729857889
Methylosmolene	22	17	0.556813111
Methylosmolene	22	16	0.521505189
Methylosmolene	22	15	0.430395833
Methylosmolene	22	14	0.837599989
Methylosmolene	22	13	0.349008556
Methylosmolene	22	12	0.698071222
Methylosmolene	22	11	0.539023311
Methylosmolene	22	10	0.337872544
Methylosmolene	22	9	0.72658675
Methylosmolene	22	8	0.650363954
Methylosmolene	22	7	0.503721756
Methylosmolene	22	6	0.943652367
Methylosmolene	22	5	0.606115611
Methylosmolene	22	4	0.477989
Methylosmolene	22	3	0.349727956
Methylosmolene	22	2	0.544324989
Methylosmolene	22	1	0.410039278
Methylosmolene	22	0	0.507292778
Methylosmolene	21	23	0.556217778
Methylosmolene	21	22	0.924676356
Methylosmolene	21	21	0.667084954
Methylosmolene	21	20	0.459203444
Methylosmolene	21	19	0.431432156
Methylosmolene	21	18	0.592817389
Methylosmolene	21	17	0.980598
Methylosmolene	21	16	0.463603087
Methylosmolene	21	15	0.266410425
Methylosmolene	21	14	0.5650005
Methylosmolene	21	13	0.639167433
Methylosmolene	21	12	0.454447625
Methylosmolene	21	11	0.539251956
Methylosmolene	21	10	0.38238065
Methylosmolene	21	9	0.422087975
Methylosmolene	21	8	0.423258
Methylosmolene	21	7	0.316172027
Methylosmolene	21	6	0.292707244
Methylosmolene	21	5	0.558600444
Methylosmolene	21	4	0.599785911
Methylosmolene	21	3	0.46190261
Methylosmolene	21	2	0.481630644
Methylosmolene	21	1	0.527422933
Methylosmolene	21	0	0.570003
Methylosmolene	20	23	0.517021178
Methylosmolene	20	22	0.493193778
Methylosmolene	20	21	0.758086
Methylosmolene	20	20	0.559997578
Methylosmolene	20	19	0.441677708
Methylosmolene	20	18	0.410785456
Methylosmolene	20	17	0.686129889
Methylosmolene	20	16	0.479884
Methylosmolene	20	15	0.498820367
Methylosmolene	20	14	0.214170656
Methylosmolene	20	13	0.5122779
Methylosmolene	20	12	0.43093275
Methylosmolene	20	11	0.431242178
Methylosmolene	20	10	0.643262325
Methylosmolene	20	9	0.487393344
Methylosmolene	20	8	0.645701556
Methylosmolene	20	7	0.727779889
Methylosmolene	20	6	0.674213125
Methylosmolene	20	5	5.085365144
Methylosmolene	20	4	0.7793037
Methylosmolene	20	3	0.398606722
Methylosmolene	20	2	1.636028511
Methylosmolene	20	1	0.516011833
Methylosmolene	20	0	0.525339046
Methylosmolene	19	23	0.533318167
Methylosmolene	19	22	0.374612911
Methylosmolene	19	21	0.551991667
Methylosmolene	19	20	0.714222444
Methylosmolene	19	19	0.558049
Methylosmolene	19	18	0.413184067
Methylosmolene	19	17	0.468035767
Methylosmolene	19	16	0.691974667
Methylosmolene	19	15	0.610365811
Methylosmolene	19	14	0.501623889
Methylosmolene	19	13	0.492885333
Methylosmolene	19	12	0.638179533
Methylosmolene	19	11	0.4272972
Methylosmolene	19	10	0.603103778
Methylosmolene	19	9	0.577962667
Methylosmolene	19	8	0.706449411
Methylosmolene	19	7	0.574150333
Methylosmolene	19	6	0.705280711
Methylosmolene	19	5	0.610841656
Methylosmolene	19	4	0.482802
Methylosmolene	19	3	0.689153678
Methylosmolene	19	2	0.576528
Methylosmolene	19	1	0.917446222
Methylosmolene	19	0	0.672091111
Methylosmolene	18	23	0.516809563
Methylosmolene	18	22	0.758047
Methylosmolene	18	21	0.443462222
Methylosmolene	18	20	0.608374444
Methylosmolene	18	19	0.672944778
Methylosmolene	18	18	0.314571633
Methylosmolene	18	17	0.644175444
Methylosmolene	18	16	0.77291175
Methylosmolene	18	15	0.939943089
Methylosmolene	18	14	0.399378911
Methylosmolene	18	13	0.522516811
Methylosmolene	18	12	0.469822762
Methylosmolene	18	11	0.52008617
Methylosmolene	18	10	0.344760662
Methylosmolene	18	9	0.602885475
Methylosmolene	18	8	0.7570458
Methylosmolene	18	7	0.5898331
Methylosmolene	18	6	0.644378585
Methylosmolene	18	5	0.362690611
Methylosmolene	18	4	0.677425667
Methylosmolene	18	3	0.509350656
Methylosmolene	18	2	2.981609
Methylosmolene	18	1	0.688248667
Methylosmolene	18	0	0.714939044
Methylosmolene	17	23	0.419104011
Methylosmolene	17	22	0.539717978
Methylosmolene	17	21	0.528344344
Methylosmolene	17	20	0.494538556
Methylosmolene	17	19	0.771563389
Methylosmolene	17	18	0.5654644
Methylosmolene	17	17	0.429715689
Methylosmolene	17	16	0.422518922
Methylosmolene	17	15	0.591180033
Methylosmolene	17	14	0.352898222
Methylosmolene	17	13	0.871433544
Methylosmolene	17	12	0.558597611
Methylosmolene	17	11	0.482519625
Methylosmolene	17	10	0.508915
Methylosmolene	17	9	0.521216844
Methylosmolene	17	8	0.679653788
Methylosmolene	17	7	0.340856893
Methylosmolene	17	6	0.38337275
Methylosmolene	17	5	0.421510433
Methylosmolene	17	4	0.513426333
Methylosmolene	17	3	0.491299156
Methylosmolene	17	2	0.374440178
Methylosmolene	17	1	1.978677711
Methylosmolene	17	0	1.011535267
Methylosmolene	16	23	0.921423533
Methylosmolene	16	22	0.62097048
Methylosmolene	16	21	0.840652656
Methylosmolene	16	20	0.631313433
Methylosmolene	16	19	0.638978244
Methylosmolene	16	18	0.578214889
Methylosmolene	16	17	0.688102711
Methylosmolene	16	16	0.450073333
Methylosmolene	16	15	0.464338122
Methylosmolene	16	14	0.4936915
Methylosmolene	16	13	0.594445
Methylosmolene	16	12	1.092392111
Methylosmolene	16	11	0.378828375
Methylosmolene	16	10	0.459741625
Methylosmolene	16	9	0.573356333
Methylosmolene	16	8	0.689605333
Methylosmolene	16	7	0.637010778
Methylosmolene	16	6	0.932631375
Methylosmolene	16	5	4.0565459
Methylosmolene	16	4	0.573122444
Methylosmolene	16	3	2.816865533
Methylosmolene	16	2	2.995571896
Methylosmolene	16	1	0.914211167
Methylosmolene	16	0	0.493597833
Methylosmolene	15	23	0.587206433
Methylosmolene	15	22	0.410068733
Methylosmolene	15	21	0.768905889
Methylosmolene	15	20	0.660120778
Methylosmolene	15	19	0.609432556
Methylosmolene	15	18	0.482705478
Methylosmolene	15	17	0.451545789
Methylosmolene	15	16	0.709532222
Methylosmolene	15	15	0.526340556
Methylosmolene	15	14	0.4394054
Methylosmolene	15	13	0.590201867
Methylosmolene	15	12	0.597224911
Methylosmolene	15	11	0.454420544
Methylosmolene	15	10	0.533912733
Methylosmolene	15	9	0.6297552
Methylosmolene	15	8	0.511742011
Methylosmolene	15	7	0.929338222
Methylosmolene	15	6	0.594907444
Methylosmolene	15	5	0.479372044
Methylosmolene	15	4	0.667169444
Methylosmolene	15	3	0.4508706
Methylosmolene	15	2	0.477073356
Methylosmolene	15	1	0.312110556
Methylosmolene	15	0	0.620658
Methylosmolene	14	23	0.537225509
Methylosmolene	14	22	0.735429289
Methylosmolene	14	21	0.301347833
Methylosmolene	14	20	0.4418071
Methylosmolene	14	19	0.694815044
Methylosmolene	14	18	0.44851635
Methylosmolene	14	17	0.4448544
Methylosmolene	14	16	0.658937556
Methylosmolene	14	15	0.706868556
Methylosmolene	14	14	0.539921978
Methylosmolene	14	13	0.837208444
Methylosmolene	14	12	0.465180388
Methylosmolene	14	11	0.690215033
Methylosmolene	14	10	0.402564667
Methylosmolene	14	9	0.5653735
Methylosmolene	14	8	0.752819567
Methylosmolene	14	7	0.392010288
Methylosmolene	14	6	0.94059125
Methylosmolene	14	5	0.313040111
Methylosmolene	14	4	0.4944596
Methylosmolene	14	3	0.411280967
Methylosmolene	14	2	0.461676978
Methylosmolene	14	1	0.6138481
Methylosmolene	14	0	3.147997978
Methylosmolene	13	23	2.264659333
Methylosmolene	13	22	2.532126667
Methylosmolene	13	21	0.487443513
Methylosmolene	13	20	0.621057625
Methylosmolene	13	19	0.368143167
Methylosmolene	13	18	0.308332375
Methylosmolene	13	17	0.644215113
Methylosmolene	13	16	0.708160222
Methylosmolene	13	15	0.916649478
Methylosmolene	13	14	0.5831185
Methylosmolene	13	13	0.396342712
Methylosmolene	13	12	0.4858505
Methylosmolene	13	11	0.2762444
Methylosmolene	13	10	0.478830538
Methylosmolene	13	9	0.369672412
Methylosmolene	13	8	0.476155844
Methylosmolene	13	7	0.661468422
Methylosmolene	13	6	0.734679667
Methylosmolene	13	5	0.482777333
Methylosmolene	13	4	0.491912956
Methylosmolene	13	3	0.4298713
Methylosmolene	13	2	0.420140178
Methylosmolene	13	1	0.595328444
Methylosmolene	13	0	0.521644778
Methylosmolene	12	23	0.532084222
Methylosmolene	12	22	0.336266756
Methylosmolene	12	21	1.067015033
Methylosmolene	12	20	0.489551
Methylosmolene	12	19	0.558877778
Methylosmolene	12	18	0.459497112
Methylosmolene	12	17	0.381536
Methylosmolene	12	16	0.387474472
Methylosmolene	12	15	0.799697222
Methylosmolene	12	14	0.442271111
Methylosmolene	12	13	0.342947187
Methylosmolene	12	12	0.528372637
Methylosmolene	12	11	0.505496475
Methylosmolene	12	10	0.4308313
Methylosmolene	12	9	0.624539056
Methylosmolene	12	8	0.388383389
Methylosmolene	12	7	0.362457289
Methylosmolene	12	6	0.576548425
Methylosmolene	12	5	2.691865446
Methylosmolene	12	4	0.475819256
Methylosmolene	12	3	0.969557222
Methylosmolene	12	2	0.478313889
Methylosmolene	12	1	0.380235344
Methylosmolene	12	0	0.781871333
Methylosmolene	11	23	0.534842
Methylosmolene	11	22	0.732180556
Methylosmolene	11	21	0.709065444
Methylosmolene	11	20	0.368880711
Methylosmolene	11	19	0.670563578
Methylosmolene	11	18	0.393473963
Methylosmolene	11	17	0.5463813
Methylosmolene	11	16	0.549201939
Methylosmolene	11	15	0.686703456
Methylosmolene	11	14	0.532081837
Methylosmolene	11	13	0.740785727
Methylosmolene	11	12	0.587560375
Methylosmolene	11	11	0.439996213
Methylosmolene	11	10	0.601198778
Methylosmolene	11	9	0.650767667
Methylosmolene	11	8	0.981443444
Methylosmolene	11	7	0.734870825
Methylosmolene	11	6	0.505609544
Methylosmolene	11	5	0.399572322
Methylosmolene	11	4	0.508214333
Methylosmolene	11	3	0.421004867
Methylosmolene	11	2	0.560956367
Methylosmolene	11	1	0.627808956
Methylosmolene	11	0	0.492060811
Methylosmolene	10	23	6.3250011
Methylosmolene	10	22	0.771665233
Methylosmolene	10	21	0.443618912
Methylosmolene	10	20	0.501399444
Methylosmolene	10	19	0.417962444
Methylosmolene	10	18	0.502454329
Methylosmolene	10	17	0.398412333
Methylosmolene	10	16	0.440867567
Methylosmolene	10	15	0.489140111
Methylosmolene	10	14	0.8240335
Methylosmolene	10	13	0.752081
Methylosmolene	10	12	0.544267489
Methylosmolene	10	11	0.362987656
Methylosmolene	10	10	0.329455444
Methylosmolene	10	9	0.435911
Methylosmolene	10	8	0.54532115
Methylosmolene	10	7	0.290669175
Methylosmolene	10	6	0.473687111
Methylosmolene	10	5	0.662582
Methylosmolene	10	4	0.376040856
Methylosmolene	10	3	0.572635556
Methylosmolene	10	2	1.712928922
Methylosmolene	10	1	2.690937844
Methylosmolene	10	0	2.922490333
Methylosmolene	9	23	0.455536544
Methylosmolene	9	22	0.482125444
Methylosmolene	9	21	0.751557756
Methylosmolene	9	20	0.480372512
Methylosmolene	9	19	0.54910295
Methylosmolene	9	18	0.481004778
Methylosmolene	9	17	0.5157449
Methylosmolene	9	16	0.550166178
Methylosmolene	9	15	0.937941333
Methylosmolene	9	14	0.406931567
Methylosmolene	9	13	0.6085578
Methylosmolene	9	12	0.467508889
Methylosmolene	9	11	0.821887722
Methylosmolene	9	10	0.525662842
Methylosmolene	9	9	0.608589778
Methylosmolene	9	8	0.601445856
Methylosmolene	9	7	0.693489222
Methylosmolene	9	6	0.508796333
Methylosmolene	9	5	0.8463248
Methylosmolene	9	4	0.402365233
Methylosmolene	9	3	0.737099667
Methylosmolene	9	2	0.508484722
Methylosmolene	9	1	0.378153289
Methylosmolene	9	0	0.631014822
Methylosmolene	8	23	0.606982889
Methylosmolene	8	22	0.605589133
Methylosmolene	8	21	0.421990011
Methylosmolene	8	20	0.683248611
Methylosmolene	8	19	0.548145
Methylosmolene	8	18	0.455928111
Methylosmolene	8	17	0.734577556
Methylosmolene	8	16	0.555346922
Methylosmolene	8	15	0.7649972
Methylosmolene	8	14	0.522277087
Methylosmolene	8	13	0.843448413
Methylosmolene	8	12	0.878233222
Methylosmolene	8	11	0.46998405
Methylosmolene	8	10	0.74654525
Methylosmolene	8	9	0.42768625
Methylosmolene	8	8	0.296205612
Methylosmolene	8	7	0.538430478
Methylosmolene	8	6	0.510948367
Methylosmolene	8	5	0.501352889
Methylosmolene	8	4	0.403266856
Methylosmolene	8	3	0.518888167
Methylosmolene	8	2	0.553009978
Methylosmolene	8	1	0.582736322
Methylosmolene	8	0	0.368551711
Methylosmolene	7	23	0.6900528
Methylosmolene	7	22	0.575330778
Methylosmolene	7	21	0.511222912
Methylosmolene	7	20	0.646707789
Methylosmolene	7	19	0.301992878
Methylosmolene	7	18	0.6707697
Methylosmolene	7	17	0.606561933
Methylosmolene	7	16	0.441421422
Methylosmolene	7	15	0.770669889
Methylosmolene	7	14	0.387338911
Methylosmolene	7	13	0.574383667
Methylosmolene	7	12	0.466478089
Methylosmolene	7	11	0.517864212
Methylosmolene	7	10	0.453363656
Methylosmolene	7	9	0.655893556
Methylosmolene	7	8	0.349643444
Methylosmolene	7	7	0.718400344
Methylosmolene	7	6	0.516892444
Methylosmolene	7	5	0.520810778
Methylosmolene	7	4	0.524938878
Methylosmolene	7	3	0.739386933
Methylosmolene	7	2	0.637314656
Methylosmolene	7	1	0.557867556
Methylosmolene	6	23	0.572528444
Methylosmolene	6	22	0.559576244
Methylosmolene	6	21	0.487813811
Methylosmolene	6	20	0.406321033
Methylosmolene	6	19	0.723238378
Methylosmolene	6	18	0.555018444
Methylosmolene	6	17	0.409798656
Methylosmolene	6	16	0.560606125
Methylosmolene	6	15	0.621441763
Methylosmolene	6	14	0.945570222
Methylosmolene	6	13	0.452898111
Methylosmolene	6	12	0.318806411
Methylosmolene	6	11	0.377268778
Methylosmolene	6	10	0.353168
Methylosmolene	6	9	0.748667878
Methylosmolene	6	8	0.46909815
Methylosmolene	6	7	0.333186505
Methylosmolene	6	6	0.569663763
Methylosmolene	6	5	0.689114667
Methylosmolene	6	4	0.645032122
Methylosmolene	6	3	0.66936437
Methylosmolene	6	2	0.755141844
Methylosmolene	6	1	0.858266111
Methylosmolene	6	0	0.526414778
Methylosmolene	5	23	0.507724444
Methylosmolene	5	22	3.035058111
Methylosmolene	5	21	0.937519825
Methylosmolene	5	20	0.567710126
Methylosmolene	5	19	0.424892356
Methylosmolene	5	18	0.615976856
Methylosmolene	5	17	0.619428444
Methylosmolene	5	16	0.9052584
Methylosmolene	5	15	0.417749133
Methylosmolene	5	14	0.607526633
Methylosmolene	5	13	0.382961043
Methylosmolene	5	12	0.586540111
Methylosmolene	5	11	0.482116222
Methylosmolene	5	10	0.473568267
Methylosmolene	5	9	0.438358278
Methylosmolene	5	8	0.518912089
Methylosmolene	5	7	0.427234311
Methylosmolene	5	6	0.779342811
Methylosmolene	5	5	0.497291889
Methylosmolene	5	4	0.5599365
Methylosmolene	5	3	0.606085444
Methylosmolene	5	2	1.101984611
Methylosmolene	5	1	0.329092922
Methylosmolene	5	0	0.6939419
Methylosmolene	4	23	0.484453889
Methylosmolene	4	22	0.862698633
Methylosmolene	4	21	0.576712667
Methylosmolene	4	20	0.429815689
Methylosmolene	4	19	0.546670244
Methylosmolene	4	18	0.390455556
Methylosmolene	4	17	0.339746419
Methylosmolene	4	16	0.518572222
Methylosmolene	4	15	0.408067475
Methylosmolene	4	14	0.535284667
Methylosmolene	4	13	0.554240144
Methylosmolene	4	12	0.933799444
Methylosmolene	4	11	0.477553078
Methylosmolene	4	10	0.498249778
Methylosmolene	4	9	0.472966822
Methylosmolene	4	8	0.429831
Methylosmolene	4	7	0.798322233
Methylosmolene	4	6	0.573566383
Methylosmolene	4	5	0.601050556
Methylosmolene	4	4	0.538495922
Methylosmolene	4	3	0.478258489
Methylosmolene	4	2	0.308164833
Methylosmolene	4	1	0.3606397
Methylosmolene	3	23	0.434956233
Methylosmolene	3	22	2.355603713
Methylosmolene	3	21	0.731399333
Methylosmolene	3	20	0.496114167
Methylosmolene	3	19	0.680216111
Methylosmolene	3	18	0.347888733
Methylosmolene	3	17	0.5926946
Methylosmolene	3	16	0.398017889
Methylosmolene	3	15	0.5962997
Methylosmolene	3	14	0.534915633
Methylosmolene	3	13	0.6522782
Methylosmolene	3	12	0.486174889
Methylosmolene	3	11	0.584574311
Methylosmolene	3	10	0.709622752
Methylosmolene	3	9	0.3997806
Methylosmolene	3	8	0.785947125
Methylosmolene	3	7	0.512250475
Methylosmolene	3	6	0.664848333
Methylosmolene	3	5	0.649286889
Methylosmolene	3	4	1.230523089
Methylosmolene	3	3	0.412851667
Methylosmolene	3	2	0.452355889
Methylosmolene	3	1	0.532602422
Methylosmolene	3	0	0.608287556
Methylosmolene	2	23	0.435751333
Methylosmolene	2	22	0.498133756
Methylosmolene	2	21	0.444626178
Methylosmolene	2	20	0.487869713
Methylosmolene	2	19	0.392431867
Methylosmolene	2	18	0.569776644
Methylosmolene	2	17	0.322440433
Methylosmolene	2	16	0.569805389
Methylosmolene	2	15	0.701355067
Methylosmolene	2	14	0.621322375
Methylosmolene	2	13	0.577610323
Methylosmolene	2	12	0.6648651
Methylosmolene	2	11	0.457979933
Methylosmolene	2	10	0.4344954
Methylosmolene	2	9	0.918077111
Methylosmolene	2	8	0.521094911
Methylosmolene	2	7	0.438104729
Methylosmolene	2	6	0.802035533
Methylosmolene	2	5	0.563966878
Methylosmolene	2	4	6.985284556
Methylosmolene	2	3	0.584011967
Methylosmolene	2	2	0.538707511
Methylosmolene	2	1	3.902949444
Methylosmolene	2	0	11.08966
Methylosmolene	1	23	8.719494433
Methylosmolene	1	22	4.140429344
Methylosmolene	1	21	0.39075975
Methylosmolene	1	20	0.440158278
Methylosmolene	1	19	0.418170875
Methylosmolene	1	18	0.317657878
Methylosmolene	1	17	0.606653133
Methylosmolene	1	16	0.526859222
Methylosmolene	1	15	0.529567944
Methylosmolene	1	14	0.581871625
Methylosmolene	1	13	0.5432727
Methylosmolene	1	12	0.578862333
Methylosmolene	1	11	0.513811489
Methylosmolene	1	10	0.569380638
Methylosmolene	1	9	0.63192415
Methylosmolene	1	8	0.486359144
Methylosmolene	1	7	0.507858875
Methylosmolene	1	6	0.50768635
Methylosmolene	1	5	0.687870933
Methylosmolene	1	4	0.660414889
Methylosmolene	1	3	0.447612478
Methylosmolene	1	2	0.3904645
Methylosmolene	1	1	0.446829062
Methylosmolene	1	0	0.709320556
Chlorodinine	31	23	0.826783222
Chlorodinine	31	22	0.335367722
Chlorodinine	31	21	0.244530133
Chlorodinine	31	20	0.3927466
Chlorodinine	31	19	0.563959222
Chlorodinine	31	18	0.618261511
Chlorodinine	31	17	0.450935867
Chlorodinine	31	16	0.8806001
Chlorodinine	31	15	0.767923222
Chlorodinine	31	14	0.614916178
Chlorodinine	31	13	0.451837956
Chlorodinine	31	12	0.544825833
Chlorodinine	31	11	0.9733152
Chlorodinine	31	10	0.9192364
Chlorodinine	31	9	0.714205011
Chlorodinine	31	8	0.597378222
Chlorodinine	31	7	0.514620556
Chlorodinine	31	6	0.410290222
Chlorodinine	31	5	0.724948989
Chlorodinine	31	4	0.470276689
Chlorodinine	31	3	0.555932189
Chlorodinine	31	2	0.831759111
Chlorodinine	31	1	0.4936486
Chlorodinine	31	0	0.540176111
Chlorodinine	30	23	0.959774956
Chlorodinine	30	22	0.599127589
Chlorodinine	30	21	0.321225589
Chlorodinine	30	20	0.552609244
Chlorodinine	30	19	0.407308644
Chlorodinine	30	18	0.437600444
Chlorodinine	30	17	0.638255667
Chlorodinine	30	16	0.442951533
Chlorodinine	30	15	0.535740456
Chlorodinine	30	14	0.485780774
Chlorodinine	30	13	0.604536956
Chlorodinine	30	12	0.458007033
Chlorodinine	30	11	0.445874678
Chlorodinine	30	10	0.343312078
Chlorodinine	30	9	0.727032778
Chlorodinine	30	8	0.425448244
Chlorodinine	30	7	0.955692778
Chlorodinine	30	6	0.661432556
Chlorodinine	30	5	0.439363267
Chlorodinine	30	4	0.558518889
Chlorodinine	30	3	0.580243956
Chlorodinine	30	2	0.604533667
Chlorodinine	30	1	0.512934989
Chlorodinine	30	0	0.2830427
Chlorodinine	29	23	0.539418
Chlorodinine	29	22	0.507676167
Chlorodinine	29	21	0.584810811
Chlorodinine	29	20	0.485144122
Chlorodinine	29	19	0.581631778
Chlorodinine	29	18	0.731869762
Chlorodinine	29	17	0.602308444
Chlorodinine	29	16	0.456494133
Chlorodinine	29	15	0.853727778
Chlorodinine	29	14	0.820633889
Chlorodinine	29	13	0.920638244
Chlorodinine	29	12	0.582528667
Chlorodinine	29	11	0.655545678
Chlorodinine	29	10	0.693310889
Chlorodinine	29	9	0.781669267
Chlorodinine	29	8	0.777375333
Chlorodinine	29	7	0.658731144
Chlorodinine	29	6	0.638372856
Chlorodinine	29	5	0.691931778
Chlorodinine	29	4	0.48211
Chlorodinine	29	3	0.584136578
Chlorodinine	29	2	0.739660633
Chlorodinine	29	1	0.350537133
Chlorodinine	29	0	0.894663578
Chlorodinine	28	23	0.328787578
Chlorodinine	28	22	0.507371633
Chlorodinine	28	21	0.425285111
Chlorodinine	28	20	0.630507111
Chlorodinine	28	19	0.4501651
Chlorodinine	28	18	0.516962133
Chlorodinine	28	17	0.590074122
Chlorodinine	28	16	0.368707529
Chlorodinine	28	15	0.824343133
Chlorodinine	28	14	1.071552
Chlorodinine	28	13	0.855074222
Chlorodinine	28	12	0.546835667
Chlorodinine	28	11	0.555857556
Chlorodinine	28	10	0.860358322
Chlorodinine	28	9	0.376568311
Chlorodinine	28	8	0.575747933
Chlorodinine	28	7	0.476903111
Chlorodinine	28	6	0.587930367
Chlorodinine	28	5	0.661841556
Chlorodinine	28	4	0.788300667
Chlorodinine	28	3	0.431652167
Chlorodinine	28	2	0.465967331
Chlorodinine	28	1	0.575288289
Chlorodinine	28	0	0.804645333
Chlorodinine	27	23	0.703187556
Chlorodinine	27	22	0.799205778
Chlorodinine	27	21	0.716446822
Chlorodinine	27	20	0.765478089
Chlorodinine	27	19	0.394188289
Chlorodinine	27	18	0.331277711
Chlorodinine	27	17	0.455605964
Chlorodinine	27	16	0.632274322
Chlorodinine	27	15	0.648571478
Chlorodinine	27	14	0.602952667
Chlorodinine	27	13	0.506031974
Chlorodinine	27	12	0.597310333
Chlorodinine	27	11	0.667999778
Chlorodinine	27	10	0.7913671
Chlorodinine	27	9	0.554956322
Chlorodinine	27	8	0.306760268
Chlorodinine	27	7	0.675766556
Chlorodinine	27	6	0.584224433
Chlorodinine	27	5	0.533102333
Chlorodinine	27	4	0.630706211
Chlorodinine	27	3	0.545725922
Chlorodinine	27	2	1.556625167
Chlorodinine	27	1	1.480760333
Chlorodinine	27	0	0.506796022
Chlorodinine	26	23	0.395432744
Chlorodinine	26	22	0.426416
Chlorodinine	26	21	0.901748667
Chlorodinine	26	20	0.675820611
Chlorodinine	26	19	0.672100767
Chlorodinine	26	18	0.706532333
Chlorodinine	26	17	0.647839944
Chlorodinine	26	16	0.705105967
Chlorodinine	26	15	0.559491322
Chlorodinine	26	14	0.75499
Chlorodinine	26	13	0.478194733
Chlorodinine	26	12	0.571608078
Chlorodinine	26	11	0.564469356
Chlorodinine	26	10	0.576135811
Chlorodinine	26	9	0.655219367
Chlorodinine	26	8	0.595533333
Chlorodinine	26	7	0.742016111
Chlorodinine	26	6	0.491425758
Chlorodinine	26	5	0.847446333
Chlorodinine	26	4	1.477586767
Chlorodinine	26	3	1.042205189
Chlorodinine	26	2	0.876606778
Chlorodinine	26	1	0.891809111
Chlorodinine	26	0	0.952462778
Chlorodinine	25	23	0.670536778
Chlorodinine	25	22	0.567159556
Chlorodinine	25	21	0.620382333
Chlorodinine	25	20	0.492618944
Chlorodinine	25	19	0.765508556
Chlorodinine	25	18	0.763264444
Chlorodinine	25	17	0.546964578
Chlorodinine	25	16	0.720407789
Chlorodinine	25	15	0.506260213
Chlorodinine	25	14	0.767638122
Chlorodinine	25	13	0.670363444
Chlorodinine	25	12	0.501581489
Chlorodinine	25	11	0.5158391
Chlorodinine	25	10	0.548958889
Chlorodinine	25	9	0.502075956
Chlorodinine	25	8	0.924653978
Chlorodinine	25	7	0.609468556
Chlorodinine	25	6	0.590107788
Chlorodinine	25	5	0.559790433
Chlorodinine	25	4	0.770103333
Chlorodinine	25	3	0.793728667
Chlorodinine	25	2	0.534558556
Chlorodinine	25	1	0.342473638
Chlorodinine	25	0	0.957506
Chlorodinine	24	23	1.060156589
Chlorodinine	24	22	0.817823222
Chlorodinine	24	21	0.634323489
Chlorodinine	24	20	0.519353411
Chlorodinine	24	19	0.461543
Chlorodinine	24	18	0.616737046
Chlorodinine	24	17	0.582380711
Chlorodinine	24	16	0.682073467
Chlorodinine	24	15	0.438895733
Chlorodinine	24	14	0.857358667
Chlorodinine	24	13	0.695425089
Chlorodinine	24	12	0.954815717
Chlorodinine	24	11	0.769751367
Chlorodinine	24	10	0.4057064
Chlorodinine	24	9	1.024291778
Chlorodinine	24	8	0.773755189
Chlorodinine	24	7	0.8019418
Chlorodinine	24	6	0.594731711
Chlorodinine	24	5	0.758066
Chlorodinine	24	4	0.985066222
Chlorodinine	24	3	1.140986467
Chlorodinine	24	2	0.402474478
Chlorodinine	24	1	0.727974222
Chlorodinine	24	0	0.562447778
Chlorodinine	23	23	0.557438329
Chlorodinine	23	22	0.6097128
Chlorodinine	23	21	0.461674917
Chlorodinine	23	20	0.656433333
Chlorodinine	23	19	0.768705556
Chlorodinine	23	18	0.595540222
Chlorodinine	23	17	0.730665044
Chlorodinine	23	16	0.446690089
Chlorodinine	23	15	0.631644878
Chlorodinine	23	14	0.45877159
Chlorodinine	23	13	0.478946456
Chlorodinine	23	12	0.565129989
Chlorodinine	23	11	0.66828
Chlorodinine	23	10	0.763122222
Chlorodinine	23	9	0.431687378
Chlorodinine	23	8	0.694169867
Chlorodinine	23	7	0.494063
Chlorodinine	23	6	0.5927827
Chlorodinine	23	5	0.866492333
Chlorodinine	23	4	0.678087444
Chlorodinine	23	3	0.8679307
Chlorodinine	23	2	0.5755696
Chlorodinine	23	1	0.677375067
Chlorodinine	23	0	0.447199467
Chlorodinine	22	23	0.480035733
Chlorodinine	22	22	0.639199556
Chlorodinine	22	21	0.6427669
Chlorodinine	22	20	0.598082556
Chlorodinine	22	19	0.515223111
Chlorodinine	22	18	0.792168078
Chlorodinine	22	17	1.341879811
Chlorodinine	22	16	1.105817656
Chlorodinine	22	15	0.865466978
Chlorodinine	22	14	0.597012089
Chlorodinine	22	13	0.729914533
Chlorodinine	22	12	0.513116667
Chlorodinine	22	11	0.503886778
Chlorodinine	22	10	0.368286794
Chlorodinine	22	9	0.611094478
Chlorodinine	22	8	0.566378222
Chlorodinine	22	7	0.404346822
Chlorodinine	22	6	0.842193556
Chlorodinine	22	5	0.326376222
Chlorodinine	22	4	0.659437633
Chlorodinine	22	3	0.482557911
Chlorodinine	22	2	0.658673667
Chlorodinine	22	1	0.598939707
Chlorodinine	22	0	0.534223622
Chlorodinine	21	23	0.4607643
Chlorodinine	21	22	0.7114604
Chlorodinine	21	21	0.474134333
Chlorodinine	21	20	0.373118656
Chlorodinine	21	19	0.344316667
Chlorodinine	21	18	0.663853556
Chlorodinine	21	17	0.742894289
Chlorodinine	21	16	0.915454222
Chlorodinine	21	15	0.563816356
Chlorodinine	21	14	0.791358267
Chlorodinine	21	13	0.956260533
Chlorodinine	21	12	0.646210667
Chlorodinine	21	11	1.178109111
Chlorodinine	21	10	0.731481911
Chlorodinine	21	9	0.897729189
Chlorodinine	21	8	0.5840896
Chlorodinine	21	7	0.465797122
Chlorodinine	21	6	0.500336067
Chlorodinine	21	5	0.519510786
Chlorodinine	21	4	0.495068889
Chlorodinine	21	3	0.435233756
Chlorodinine	21	2	0.521442444
Chlorodinine	21	1	0.537668444
Chlorodinine	21	0	0.486320559
Chlorodinine	20	23	0.3371704
Chlorodinine	20	22	0.564420511
Chlorodinine	20	21	0.738061
Chlorodinine	20	20	0.499719889
Chlorodinine	20	19	0.375698933
Chlorodinine	20	18	0.330035878
Chlorodinine	20	17	0.608711111
Chlorodinine	20	16	0.426121211
Chlorodinine	20	15	0.701503444
Chlorodinine	20	14	0.503830858
Chlorodinine	20	13	0.696815156
Chlorodinine	20	12	0.491186844
Chlorodinine	20	11	0.986991
Chlorodinine	20	10	0.948788022
Chlorodinine	20	9	0.656686444
Chlorodinine	20	8	0.745348
Chlorodinine	20	7	0.544621433
Chlorodinine	20	6	0.483492822
Chlorodinine	20	5	0.816564611
Chlorodinine	20	4	1.195490389
Chlorodinine	20	3	0.594555889
Chlorodinine	20	2	0.478832328
Chlorodinine	20	1	0.533315644
Chlorodinine	20	0	0.738055844
Chlorodinine	19	23	0.636111067
Chlorodinine	19	22	0.462834538
Chlorodinine	19	21	0.473920244
Chlorodinine	19	20	0.404606344
Chlorodinine	19	19	0.353792022
Chlorodinine	19	18	0.655885556
Chlorodinine	19	17	0.387389133
Chlorodinine	19	16	0.482991956
Chlorodinine	19	15	0.451998889
Chlorodinine	19	14	0.734424478
Chlorodinine	19	13	0.398289336
Chlorodinine	19	12	0.648097444
Chlorodinine	19	11	0.427413967
Chlorodinine	19	10	0.603629389
Chlorodinine	19	9	0.496452033
Chlorodinine	19	8	0.713025033
Chlorodinine	19	7	0.261230511
Chlorodinine	19	6	0.654208211
Chlorodinine	19	5	0.587840889
Chlorodinine	19	4	0.657781556
Chlorodinine	19	3	0.928314767
Chlorodinine	19	2	0.531652667
Chlorodinine	19	1	0.603775222
Chlorodinine	19	0	0.412236511
Chlorodinine	18	23	0.577473146
Chlorodinine	18	22	0.578676078
Chlorodinine	18	21	0.633230333
Chlorodinine	18	20	1.349684878
Chlorodinine	18	19	0.574183878
Chlorodinine	18	18	1.220204111
Chlorodinine	18	17	0.795063444
Chlorodinine	18	16	0.473142889
Chlorodinine	18	15	0.470463222
Chlorodinine	18	14	0.517832556
Chlorodinine	18	13	0.796537111
Chlorodinine	18	12	0.843465722
Chlorodinine	18	11	0.682506556
Chlorodinine	18	10	0.326749489
Chlorodinine	18	9	0.495318667
Chlorodinine	18	8	0.744433022
Chlorodinine	18	7	0.927085344
Chlorodinine	18	6	0.572564278
Chlorodinine	18	5	0.550581889
Chlorodinine	18	4	0.3534024
Chlorodinine	18	3	0.585342333
Chlorodinine	18	2	0.368923311
Chlorodinine	18	1	0.515923517
Chlorodinine	18	0	0.365974222
Chlorodinine	17	23	0.440232333
Chlorodinine	17	22	0.570355378
Chlorodinine	17	21	0.548871578
Chlorodinine	17	20	0.429258156
Chlorodinine	17	19	0.514581389
Chlorodinine	17	18	0.422089789
Chlorodinine	17	17	0.447914311
Chlorodinine	17	16	0.512997611
Chlorodinine	17	15	0.804122433
Chlorodinine	17	14	0.494733956
Chlorodinine	17	13	1.032118211
Chlorodinine	17	12	0.8400088
Chlorodinine	17	11	0.450889333
Chlorodinine	17	10	0.584789733
Chlorodinine	17	9	0.613528722
Chlorodinine	17	8	0.803893567
Chlorodinine	17	7	0.420447099
Chlorodinine	17	6	0.555725611
Chlorodinine	17	5	1.061646833
Chlorodinine	17	4	0.598332767
Chlorodinine	17	3	0.865652111
Chlorodinine	17	2	0.712956822
Chlorodinine	17	1	0.566177456
Chlorodinine	17	0	0.411428767
Chlorodinine	16	23	0.701951424
Chlorodinine	16	22	0.514301567
Chlorodinine	16	21	0.447983384
Chlorodinine	16	20	0.469190311
Chlorodinine	16	19	0.353365011
Chlorodinine	16	18	0.688520589
Chlorodinine	16	17	0.594879111
Chlorodinine	16	16	0.627232978
Chlorodinine	16	15	0.501155844
Chlorodinine	16	14	0.310045522
Chlorodinine	16	13	1.210974956
Chlorodinine	16	12	0.714169444
Chlorodinine	16	11	0.424003211
Chlorodinine	16	10	1.112840778
Chlorodinine	16	9	0.543246889
Chlorodinine	16	8	0.748169
Chlorodinine	16	7	0.483994089
Chlorodinine	16	6	0.651042378
Chlorodinine	16	5	1.815577656
Chlorodinine	16	4	0.710630889
Chlorodinine	16	3	0.462050112
Chlorodinine	16	2	0.594294744
Chlorodinine	16	1	0.426745889
Chlorodinine	16	0	0.532264711
Chlorodinine	15	23	0.381287922
Chlorodinine	15	22	0.578020778
Chlorodinine	15	21	0.510416867
Chlorodinine	15	20	0.763096756
Chlorodinine	15	19	0.977051156
Chlorodinine	15	18	0.407090222
Chlorodinine	15	17	0.281404522
Chlorodinine	15	16	0.571482778
Chlorodinine	15	15	0.536155833
Chlorodinine	15	14	0.905843189
Chlorodinine	15	13	0.863425778
Chlorodinine	15	12	0.343167367
Chlorodinine	15	11	0.445455956
Chlorodinine	15	10	1.247377889
Chlorodinine	15	9	0.558027744
Chlorodinine	15	8	0.431380489
Chlorodinine	15	7	0.451747389
Chlorodinine	15	6	0.474094333
Chlorodinine	15	5	0.628701
Chlorodinine	15	4	1.058769444
Chlorodinine	15	3	0.380133491
Chlorodinine	15	2	0.884699222
Chlorodinine	15	1	0.677908556
Chlorodinine	15	0	0.476563844
Chlorodinine	14	23	0.676153144
Chlorodinine	14	22	0.686465889
Chlorodinine	14	21	1.116340189
Chlorodinine	14	20	0.635672556
Chlorodinine	14	19	0.461069889
Chlorodinine	14	18	0.489718222
Chlorodinine	14	17	0.504613944
Chlorodinine	14	16	0.415999347
Chlorodinine	14	15	0.388753478
Chlorodinine	14	14	0.582507744
Chlorodinine	14	13	0.558303667
Chlorodinine	14	12	0.624199189
Chlorodinine	14	11	0.479135267
Chlorodinine	14	10	0.570910122
Chlorodinine	14	9	0.4941659
Chlorodinine	14	8	0.455600066
Chlorodinine	14	7	0.610744744
Chlorodinine	14	6	1.230536333
Chlorodinine	14	5	0.800916444
Chlorodinine	14	4	0.519740711
Chlorodinine	14	3	0.568060956
Chlorodinine	14	2	0.241522644
Chlorodinine	14	1	0.583459078
Chlorodinine	14	0	0.262110163
Chlorodinine	13	23	0.525902856
Chlorodinine	13	22	0.408818567
Chlorodinine	13	21	0.665101256
Chlorodinine	13	20	0.618187456
Chlorodinine	13	19	0.676057333
Chlorodinine	13	18	0.624945556
Chlorodinine	13	17	0.483274289
Chlorodinine	13	16	0.518992556
Chlorodinine	13	15	0.465783089
Chlorodinine	13	14	0.65056
Chlorodinine	13	13	0.619987856
Chlorodinine	13	12	0.400179178
Chlorodinine	13	11	0.640405333
Chlorodinine	13	10	0.882314831
Chlorodinine	13	9	1.444717822
Chlorodinine	13	8	0.690815
Chlorodinine	13	7	0.337256756
Chlorodinine	13	6	0.922713222
Chlorodinine	13	5	0.495521944
Chlorodinine	13	4	0.904038356
Chlorodinine	13	3	0.442836267
Chlorodinine	13	2	0.485241511
Chlorodinine	13	1	0.417023656
Chlorodinine	13	0	0.460887556
Chlorodinine	12	23	1.035038333
Chlorodinine	12	22	0.885886
Chlorodinine	12	21	0.653003044
Chlorodinine	12	20	0.766584111
Chlorodinine	12	19	0.547498889
Chlorodinine	12	18	0.801892762
Chlorodinine	12	17	0.371252156
Chlorodinine	12	16	0.552716333
Chlorodinine	12	15	0.598793211
Chlorodinine	12	14	0.716392922
Chlorodinine	12	13	0.798914911
Chlorodinine	12	12	0.683739956
Chlorodinine	12	11	0.640239433
Chlorodinine	12	10	0.6810557
Chlorodinine	12	9	0.613335111
Chlorodinine	12	8	0.580815611
Chlorodinine	12	7	0.476763822
Chlorodinine	12	6	1.281561189
Chlorodinine	12	5	1.048264444
Chlorodinine	12	4	1.171097598
Chlorodinine	12	3	0.396462911
Chlorodinine	12	2	1.461043511
Chlorodinine	12	1	0.700775778
Chlorodinine	12	0	0.41932671
Chlorodinine	11	23	0.772143889
Chlorodinine	11	22	1.597748811
Chlorodinine	11	21	0.738107778
Chlorodinine	11	20	0.613956444
Chlorodinine	11	19	0.501780867
Chlorodinine	11	18	0.748565233
Chlorodinine	11	17	0.598025489
Chlorodinine	11	16	0.369640989
Chlorodinine	11	15	0.503413222
Chlorodinine	11	14	0.429895578
Chlorodinine	11	13	0.722137556
Chlorodinine	11	12	0.524816444
Chlorodinine	11	11	0.688120722
Chlorodinine	11	10	0.689760156
Chlorodinine	11	9	0.474287889
Chlorodinine	11	8	0.455828567
Chlorodinine	11	7	0.796823556
Chlorodinine	11	6	0.349792289
Chlorodinine	11	5	0.595129078
Chlorodinine	11	4	0.659800144
Chlorodinine	11	3	0.718723443
Chlorodinine	11	2	0.478936922
Chlorodinine	11	1	0.4822316
Chlorodinine	11	0	0.3793454
Chlorodinine	10	23	0.752738156
Chlorodinine	10	22	0.762028678
Chlorodinine	10	21	0.380600444
Chlorodinine	10	20	0.722448889
Chlorodinine	10	19	0.477452311
Chlorodinine	10	18	0.513634178
Chlorodinine	10	17	0.453647644
Chlorodinine	10	16	0.574484111
Chlorodinine	10	15	0.484899333
Chlorodinine	10	14	0.630340889
Chlorodinine	10	13	1.073034033
Chlorodinine	10	12	0.637921444
Chlorodinine	10	11	0.684995556
Chlorodinine	10	10	0.4978664
Chlorodinine	10	9	0.403238094
Chlorodinine	10	8	1.107330556
Chlorodinine	10	7	0.833249444
Chlorodinine	10	6	0.9898927
Chlorodinine	10	5	0.539371889
Chlorodinine	10	4	0.547330156
Chlorodinine	10	3	0.678354222
Chlorodinine	10	2	0.388461556
Chlorodinine	10	1	0.569845622
Chlorodinine	10	0	0.658309456
Chlorodinine	9	23	0.643547954
Chlorodinine	9	22	0.563137333
Chlorodinine	9	21	0.351688989
Chlorodinine	9	20	0.549126
Chlorodinine	9	19	0.6371092
Chlorodinine	9	18	0.6258525
Chlorodinine	9	17	0.688338889
Chlorodinine	9	16	1.085294111
Chlorodinine	9	15	1.261996267
Chlorodinine	9	14	0.609436822
Chlorodinine	9	13	0.421367011
Chlorodinine	9	12	0.553517189
Chlorodinine	9	11	0.453663
Chlorodinine	9	10	0.591457089
Chlorodinine	9	9	0.644214778
Chlorodinine	9	8	0.547046589
Chlorodinine	9	7	0.624148644
Chlorodinine	9	6	0.452777733
Chlorodinine	9	5	0.342889256
Chlorodinine	9	4	0.704289367
Chlorodinine	9	3	0.686639
Chlorodinine	9	2	0.596479478
Chlorodinine	9	1	0.326615033
Chlorodinine	9	0	0.298176778
Chlorodinine	8	23	0.5276155
Chlorodinine	8	22	0.554283811
Chlorodinine	8	21	0.699551011
Chlorodinine	8	20	1.1964219
Chlorodinine	8	19	0.496558878
Chlorodinine	8	18	0.457788111
Chlorodinine	8	17	0.422785811
Chlorodinine	8	16	0.3865425
Chlorodinine	8	15	0.544888444
Chlorodinine	8	14	0.689585889
Chlorodinine	8	13	0.4737824
Chlorodinine	8	12	0.558209178
Chlorodinine	8	11	0.417853011
Chlorodinine	8	10	0.371340456
Chlorodinine	8	9	0.526704444
Chlorodinine	8	8	0.745761144
Chlorodinine	8	7	0.594460778
Chlorodinine	8	6	1.154281711
Chlorodinine	8	5	0.464963629
Chlorodinine	8	4	1.071191611
Chlorodinine	8	3	0.895292111
Chlorodinine	8	2	1.351442111
Chlorodinine	8	1	1.779071224
Chlorodinine	8	0	0.840634333
Chlorodinine	7	23	0.608526018
Chlorodinine	7	22	0.482989611
Chlorodinine	7	21	0.527304522
Chlorodinine	7	20	0.884489
Chlorodinine	7	19	0.38399974
Chlorodinine	7	18	0.454152356
Chlorodinine	7	17	0.4210169
Chlorodinine	7	16	0.585795332
Chlorodinine	7	15	0.629416889
Chlorodinine	7	14	0.485436156
Chlorodinine	7	13	0.659500222
Chlorodinine	7	12	0.452855767
Chlorodinine	7	11	0.471125311
Chlorodinine	7	10	0.560486456
Chlorodinine	7	9	0.721103444
Chlorodinine	7	8	0.626159444
Chlorodinine	7	7	0.519302111
Chlorodinine	7	6	0.608388422
Chlorodinine	7	5	1.082038311
Chlorodinine	7	4	0.484269133
Chlorodinine	7	3	0.740661778
Chlorodinine	7	2	0.742218189
Chlorodinine	7	1	0.518547422
Chlorodinine	6	23	0.356186444
Chlorodinine	6	22	0.950169744
Chlorodinine	6	21	0.443477467
Chlorodinine	6	20	0.938282333
Chlorodinine	6	19	0.933976289
Chlorodinine	6	18	0.406933289
Chlorodinine	6	17	0.619489
Chlorodinine	6	16	0.626467667
Chlorodinine	6	15	0.665759889
Chlorodinine	6	14	0.5936232
Chlorodinine	6	13	0.537325322
Chlorodinine	6	12	0.680547256
Chlorodinine	6	11	0.820251644
Chlorodinine	6	10	1.099795489
Chlorodinine	6	9	0.392630222
Chlorodinine	6	8	0.509289156
Chlorodinine	6	7	0.518747556
Chlorodinine	6	6	0.498779256
Chlorodinine	6	5	0.306424578
Chlorodinine	6	4	0.565704444
Chlorodinine	6	3	0.566167678
Chlorodinine	6	2	0.513314444
Chlorodinine	6	1	0.754093567
Chlorodinine	6	0	0.411126456
Chlorodinine	5	23	0.441305556
Chlorodinine	5	22	0.296176811
Chlorodinine	5	21	0.25971763
Chlorodinine	5	20	0.915691444
Chlorodinine	5	19	0.6455022
Chlorodinine	5	18	0.455777422
Chlorodinine	5	17	0.576203111
Chlorodinine	5	16	0.53389126
Chlorodinine	5	15	0.442930911
Chlorodinine	5	14	0.480654533
Chlorodinine	5	13	0.4904206
Chlorodinine	5	12	0.636425778
Chlorodinine	5	11	0.654717667
Chlorodinine	5	10	0.393048778
Chlorodinine	5	9	0.592052556
Chlorodinine	5	8	0.551937937
Chlorodinine	5	7	0.493852707
Chlorodinine	5	6	0.751746156
Chlorodinine	5	5	0.444654689
Chlorodinine	5	4	0.349008667
Chlorodinine	5	3	0.364124444
Chlorodinine	5	2	0.730323
Chlorodinine	5	1	1.2110491
Chlorodinine	5	0	0.737541889
Chlorodinine	4	23	0.604597633
Chlorodinine	4	22	0.384073122
Chlorodinine	4	21	0.545232978
Chlorodinine	4	20	0.605736211
Chlorodinine	4	19	0.796252233
Chlorodinine	4	18	0.714532111
Chlorodinine	4	17	1.130666733
Chlorodinine	4	16	0.406056167
Chlorodinine	4	15	0.514845756
Chlorodinine	4	14	0.467864989
Chlorodinine	4	13	0.422393667
Chlorodinine	4	12	0.741408756
Chlorodinine	4	11	0.670392372
Chlorodinine	4	10	0.3652575
Chlorodinine	4	9	0.652946222
Chlorodinine	4	8	0.444785233
Chlorodinine	4	7	0.414257333
Chlorodinine	4	6	0.483454211
Chlorodinine	4	5	0.444939411
Chlorodinine	4	4	0.788181378
Chlorodinine	4	3	0.3973861
Chlorodinine	4	2	0.390833833
Chlorodinine	4	1	0.608243078
Chlorodinine	3	23	0.744392222
Chlorodinine	3	22	0.492115333
Chlorodinine	3	21	0.575981033
Chlorodinine	3	20	0.596522321
Chlorodinine	3	19	0.517045222
Chlorodinine	3	18	0.762113667
Chlorodinine	3	17	0.635434667
Chlorodinine	3	16	0.730185333
Chlorodinine	3	15	0.447207944
Chlorodinine	3	14	0.609527956
Chlorodinine	3	13	0.964600156
Chlorodinine	3	12	1.243341222
Chlorodinine	3	11	0.575450778
Chlorodinine	3	10	0.617333333
Chlorodinine	3	9	0.940566111
Chlorodinine	3	8	0.845040578
Chlorodinine	3	7	1.089725533
Chlorodinine	3	6	0.947534522
Chlorodinine	3	5	0.357989533
Chlorodinine	3	4	0.716616956
Chlorodinine	3	3	0.377579967
Chlorodinine	3	2	0.583291878
Chlorodinine	3	1	0.444102311
Chlorodinine	3	0	0.5842041
Chlorodinine	2	23	0.825830956
Chlorodinine	2	22	0.410324956
Chlorodinine	2	21	0.388163456
Chlorodinine	2	20	1.146989922
Chlorodinine	2	19	0.9130883
Chlorodinine	2	18	0.523558656
Chlorodinine	2	17	0.6801583
Chlorodinine	2	16	0.615458889
Chlorodinine	2	15	0.577141667
Chlorodinine	2	14	0.318468578
Chlorodinine	2	13	0.604726222
Chlorodinine	2	12	0.799035
Chlorodinine	2	11	0.667524889
Chlorodinine	2	10	0.720767189
Chlorodinine	2	9	0.695799444
Chlorodinine	2	8	0.628113422
Chlorodinine	2	7	0.373964
Chlorodinine	2	6	2.240621556
Chlorodinine	2	5	0.888840267
Chlorodinine	2	4	0.559423667
Chlorodinine	2	3	0.561574789
Chlorodinine	2	2	0.829762889
Chlorodinine	2	1	0.825351333
Chlorodinine	1	23	0.480964411
Chlorodinine	1	22	0.612004222
Chlorodinine	1	21	0.444725233
Chlorodinine	1	20	0.44868
Chlorodinine	1	19	0.513213533
Chlorodinine	1	18	0.775581667
Chlorodinine	1	17	0.751517922
Chlorodinine	1	16	0.515427333
Chlorodinine	1	15	0.476265411
Chlorodinine	1	14	0.458438378
Chlorodinine	1	13	0.506312556
Chlorodinine	1	12	1.359833811
Chlorodinine	1	11	0.340735056
Chlorodinine	1	10	0.534159556
Chlorodinine	1	9	0.502406333
Chlorodinine	1	8	0.396063711
Chlorodinine	1	7	0.782113822
Chlorodinine	1	6	0.524922033
Chlorodinine	1	5	0.502422144
Chlorodinine	1	4	0.757322044
Chlorodinine	1	3	0.660584778
Chlorodinine	1	2	0.538173778
Chlorodinine	1	1	0.4563291
Chlorodinine	1	0	0.590902378
Appluimonia	31	23	0.578294789
Appluimonia	31	22	0.576803189
Appluimonia	31	21	0.6327298
Appluimonia	31	20	0.598161933
Appluimonia	31	19	0.789472556
Appluimonia	31	18	0.460590411
Appluimonia	31	17	0.542724233
Appluimonia	31	16	0.657350956
Appluimonia	31	15	0.520300222
Appluimonia	31	14	0.688951344
Appluimonia	31	13	0.7442777
Appluimonia	31	12	0.538123622
Appluimonia	31	11	0.541468022
Appluimonia	31	10	0.651467044
Appluimonia	31	9	0.499103467
Appluimonia	31	8	0.636177667
Appluimonia	31	7	0.589402756
Appluimonia	31	6	0.338218778
Appluimonia	31	5	0.6520891
Appluimonia	31	4	0.593623889
Appluimonia	31	3	0.816806889
Appluimonia	31	2	0.828275819
Appluimonia	31	1	0.574688122
Appluimonia	31	0	0.655666667
Appluimonia	30	23	0.4576897
Appluimonia	30	22	0.765438111
Appluimonia	30	21	0.554827122
Appluimonia	30	20	0.407467357
Appluimonia	30	19	0.370984533
Appluimonia	30	18	0.631919444
Appluimonia	30	17	0.608005111
Appluimonia	30	16	0.585529444
Appluimonia	30	15	0.637360556
Appluimonia	30	14	0.392560189
Appluimonia	30	13	0.534572344
Appluimonia	30	12	0.583842556
Appluimonia	30	11	0.491340034
Appluimonia	30	10	0.493258989
Appluimonia	30	9	0.465988033
Appluimonia	30	8	0.411535886
Appluimonia	30	7	0.723104078
Appluimonia	30	6	0.543886333
Appluimonia	30	5	0.747563222
Appluimonia	30	4	0.5120283
Appluimonia	30	3	0.758569411
Appluimonia	30	2	0.505040811
Appluimonia	30	1	0.565277911
Appluimonia	30	0	0.412860111
Appluimonia	29	23	0.530693
Appluimonia	29	22	0.569389444
Appluimonia	29	21	0.747438
Appluimonia	29	20	0.511122544
Appluimonia	29	19	1.056365
Appluimonia	29	18	0.623869478
Appluimonia	29	17	0.459751067
Appluimonia	29	16	0.581922778
Appluimonia	29	15	0.691737744
Appluimonia	29	14	0.580119067
Appluimonia	29	13	0.794170778
Appluimonia	29	12	0.352991
Appluimonia	29	11	0.731167778
Appluimonia	29	10	0.643271444
Appluimonia	29	9	0.631885644
Appluimonia	29	8	0.444868789
Appluimonia	29	7	0.571882556
Appluimonia	29	6	0.560785867
Appluimonia	29	5	0.742922556
Appluimonia	29	4	0.391716689
Appluimonia	29	3	0.687034056
Appluimonia	29	2	0.566517
Appluimonia	29	1	0.525112456
Appluimonia	29	0	0.418692933
Appluimonia	28	23	0.848396556
Appluimonia	28	22	0.495918156
Appluimonia	28	21	0.372244744
Appluimonia	28	20	0.522627667
Appluimonia	28	19	0.598759433
Appluimonia	28	18	0.645997778
Appluimonia	28	17	0.567727917
Appluimonia	28	16	0.574769689
Appluimonia	28	15	0.5720976
Appluimonia	28	14	0.951597144
Appluimonia	28	13	0.437782867
Appluimonia	28	12	0.615041156
Appluimonia	28	11	0.937104333
Appluimonia	28	10	0.729304556
Appluimonia	28	9	0.906475778
Appluimonia	28	8	0.384530189
Appluimonia	28	7	0.20090001
Appluimonia	28	6	0.731328111
Appluimonia	28	5	0.550027333
Appluimonia	28	4	0.757565763
Appluimonia	28	3	0.809653967
Appluimonia	28	2	0.507309067
Appluimonia	28	1	0.495303222
Appluimonia	28	0	0.877625822
Appluimonia	27	23	0.645248222
Appluimonia	27	22	0.645355889
Appluimonia	27	21	0.811686556
Appluimonia	27	20	0.689092989
Appluimonia	27	19	0.737569211
Appluimonia	27	18	0.986378667
Appluimonia	27	17	0.749953856
Appluimonia	27	16	0.400736444
Appluimonia	27	15	0.865701333
Appluimonia	27	14	0.870050111
Appluimonia	27	13	0.3870211
Appluimonia	27	12	0.577831778
Appluimonia	27	11	0.656762878
Appluimonia	27	10	0.530053639
Appluimonia	27	9	0.672223
Appluimonia	27	8	0.638663656
Appluimonia	27	7	0.750973
Appluimonia	27	6	0.447758556
Appluimonia	27	5	0.685702
Appluimonia	27	4	0.483010756
Appluimonia	27	3	0.485076333
Appluimonia	27	2	0.441598611
Appluimonia	27	1	0.401121556
Appluimonia	27	0	0.785029667
Appluimonia	26	23	0.486812178
Appluimonia	26	22	0.529730889
Appluimonia	26	21	0.3193452
Appluimonia	26	20	0.872092222
Appluimonia	26	19	0.726793422
Appluimonia	26	18	0.634890678
Appluimonia	26	17	0.606898622
Appluimonia	26	16	0.921525067
Appluimonia	26	15	0.5807477
Appluimonia	26	14	0.493226989
Appluimonia	26	13	0.465330222
Appluimonia	26	12	0.616663967
Appluimonia	26	11	0.500613322
Appluimonia	26	10	0.385790467
Appluimonia	26	9	0.841086722
Appluimonia	26	8	0.7282665
Appluimonia	26	7	1.106471489
Appluimonia	26	6	0.5472032
Appluimonia	26	5	0.647240333
Appluimonia	26	4	0.802833556
Appluimonia	26	3	0.391703094
Appluimonia	26	2	0.548506444
Appluimonia	26	1	0.303425378
Appluimonia	26	0	1.042300778
Appluimonia	25	23	0.299850556
Appluimonia	25	22	0.393032244
Appluimonia	25	21	0.403863989
Appluimonia	25	20	0.772624
Appluimonia	25	19	0.641015222
Appluimonia	25	18	0.649636638
Appluimonia	25	17	0.331832444
Appluimonia	25	16	0.666342222
Appluimonia	25	15	0.538731922
Appluimonia	25	14	0.602530022
Appluimonia	25	13	0.5183685
Appluimonia	25	12	0.340959667
Appluimonia	25	11	0.575803333
Appluimonia	25	10	0.474688933
Appluimonia	25	9	0.5092854
Appluimonia	25	8	0.624050889
Appluimonia	25	7	0.658493
Appluimonia	25	6	0.390045138
Appluimonia	25	5	1.077988133
Appluimonia	25	4	0.891910667
Appluimonia	25	3	0.517117633
Appluimonia	25	2	0.878214122
Appluimonia	25	1	0.417869468
Appluimonia	25	0	0.440869997
Appluimonia	24	23	0.415147333
Appluimonia	24	22	0.396825989
Appluimonia	24	21	0.589479222
Appluimonia	24	20	0.456554444
Appluimonia	24	19	1.009724556
Appluimonia	24	18	0.676740233
Appluimonia	24	17	0.444830578
Appluimonia	24	16	0.273350952
Appluimonia	24	15	0.583083578
Appluimonia	24	14	0.594593833
Appluimonia	24	13	0.541902956
Appluimonia	24	12	0.753974222
Appluimonia	24	11	0.553820333
Appluimonia	24	10	0.546820246
Appluimonia	24	9	0.524389078
Appluimonia	24	8	0.541300367
Appluimonia	24	7	0.567236144
Appluimonia	24	6	0.510801444
Appluimonia	24	5	0.3965191
Appluimonia	24	4	0.740609778
Appluimonia	24	3	0.566965889
Appluimonia	24	2	0.381133444
Appluimonia	24	1	0.745492333
Appluimonia	24	0	0.554814718
Appluimonia	23	23	0.487351544
Appluimonia	23	22	0.589512378
Appluimonia	23	21	0.739348468
Appluimonia	23	20	0.784373456
Appluimonia	23	19	0.443589033
Appluimonia	23	18	0.435586667
Appluimonia	23	17	0.449900578
Appluimonia	23	16	0.425900944
Appluimonia	23	15	0.629891556
Appluimonia	23	14	0.651847311
Appluimonia	23	13	0.536442367
Appluimonia	23	12	0.269880929
Appluimonia	23	11	0.712414422
Appluimonia	23	10	0.710958222
Appluimonia	23	9	0.699580333
Appluimonia	23	8	0.550389157
Appluimonia	23	7	0.865533478
Appluimonia	23	6	0.4524462
Appluimonia	23	5	0.450799287
Appluimonia	23	4	0.604749
Appluimonia	23	3	0.722998
Appluimonia	23	2	0.6168017
Appluimonia	23	1	0.559777689
Appluimonia	23	0	0.533704333
Appluimonia	22	23	0.427110556
Appluimonia	22	22	0.376817333
Appluimonia	22	21	0.509777844
Appluimonia	22	20	0.447374078
Appluimonia	22	19	0.904010656
Appluimonia	22	18	0.345226722
Appluimonia	22	17	0.411349889
Appluimonia	22	16	0.716262459
Appluimonia	22	15	0.433074517
Appluimonia	22	14	0.660112967
Appluimonia	22	13	0.603800111
Appluimonia	22	12	0.6586418
Appluimonia	22	11	0.599219089
Appluimonia	22	10	0.432135747
Appluimonia	22	9	0.626440944
Appluimonia	22	8	0.654868949
Appluimonia	22	7	0.539773889
Appluimonia	22	6	0.589208711
Appluimonia	22	5	0.491659556
Appluimonia	22	4	0.355698556
Appluimonia	22	3	0.438439273
Appluimonia	22	2	0.509861244
Appluimonia	22	1	0.812189111
Appluimonia	22	0	0.801701367
Appluimonia	21	23	0.483074167
Appluimonia	21	22	0.626412111
Appluimonia	21	21	0.429467444
Appluimonia	21	20	0.612090089
Appluimonia	21	19	0.5434732
Appluimonia	21	18	0.667837222
Appluimonia	21	17	0.403224233
Appluimonia	21	16	1.0832917
Appluimonia	21	15	0.854981778
Appluimonia	21	14	0.991503033
Appluimonia	21	13	0.6292257
Appluimonia	21	12	0.423779422
Appluimonia	21	11	0.533274667
Appluimonia	21	10	0.517371333
Appluimonia	21	9	0.336009911
Appluimonia	21	8	0.589770556
Appluimonia	21	7	0.46771
Appluimonia	21	6	0.544093056
Appluimonia	21	5	0.579523373
Appluimonia	21	4	0.943397678
Appluimonia	21	3	0.544777944
Appluimonia	21	2	0.434238611
Appluimonia	21	1	0.683413367
Appluimonia	21	0	0.903176778
Appluimonia	20	23	0.237862767
Appluimonia	20	22	0.560484256
Appluimonia	20	21	0.956096762
Appluimonia	20	20	0.699552944
Appluimonia	20	19	0.511925289
Appluimonia	20	18	0.577640778
Appluimonia	20	17	0.525921573
Appluimonia	20	16	0.541854071
Appluimonia	20	15	0.714308556
Appluimonia	20	14	0.643439189
Appluimonia	20	13	0.600123667
Appluimonia	20	12	0.679683222
Appluimonia	20	11	0.520245144
Appluimonia	20	10	0.569258011
Appluimonia	20	9	0.4401462
Appluimonia	20	8	0.536613022
Appluimonia	20	7	0.625816511
Appluimonia	20	6	0.863266489
Appluimonia	20	5	0.621761889
Appluimonia	20	4	1.289922331
Appluimonia	20	3	0.523698367
Appluimonia	20	2	0.443475544
Appluimonia	20	1	0.411365
Appluimonia	20	0	0.8170176
Appluimonia	19	23	0.354483649
Appluimonia	19	22	0.667637667
Appluimonia	19	21	0.899617611
Appluimonia	19	20	0.579021667
Appluimonia	19	19	0.564130844
Appluimonia	19	18	0.727009444
Appluimonia	19	17	0.668638
Appluimonia	19	16	0.301728778
Appluimonia	19	15	0.880091889
Appluimonia	19	14	0.905802033
Appluimonia	19	13	0.635566658
Appluimonia	19	12	0.540178567
Appluimonia	19	11	0.487511
Appluimonia	19	10	0.417789856
Appluimonia	19	9	0.498085667
Appluimonia	19	8	0.547895733
Appluimonia	19	7	0.419991122
Appluimonia	19	6	0.543688667
Appluimonia	19	5	0.498108356
Appluimonia	19	4	0.538449356
Appluimonia	19	3	0.624284222
Appluimonia	19	2	0.392885556
Appluimonia	19	1	0.793484111
Appluimonia	19	0	0.532959889
Appluimonia	18	23	0.454373467
Appluimonia	18	22	0.591657111
Appluimonia	18	21	0.422838667
Appluimonia	18	20	0.510024844
Appluimonia	18	19	0.527493778
Appluimonia	18	18	0.412892067
Appluimonia	18	17	0.497218267
Appluimonia	18	16	0.417991967
Appluimonia	18	15	0.629864
Appluimonia	18	14	0.550631667
Appluimonia	18	13	0.567552128
Appluimonia	18	12	0.503303467
Appluimonia	18	11	0.544723522
Appluimonia	18	10	0.479629556
Appluimonia	18	9	0.454269556
Appluimonia	18	8	0.522937711
Appluimonia	18	7	0.769900556
Appluimonia	18	6	0.554192444
Appluimonia	18	5	0.853004867
Appluimonia	18	4	0.588424878
Appluimonia	18	3	0.467408667
Appluimonia	18	2	0.367918667
Appluimonia	18	1	0.587478389
Appluimonia	18	0	0.809020711
Appluimonia	17	23	0.636106591
Appluimonia	17	22	0.482566367
Appluimonia	17	21	0.453077333
Appluimonia	17	20	0.426660822
Appluimonia	17	19	0.523285267
Appluimonia	17	18	0.468371778
Appluimonia	17	17	0.9886333
Appluimonia	17	16	0.710164556
Appluimonia	17	15	0.435679144
Appluimonia	17	14	0.6371464
Appluimonia	17	13	0.971279444
Appluimonia	17	12	0.640621556
Appluimonia	17	11	0.4101974
Appluimonia	17	10	0.643853089
Appluimonia	17	9	0.495846556
Appluimonia	17	8	0.684644978
Appluimonia	17	7	0.515687644
Appluimonia	17	6	0.681431889
Appluimonia	17	5	0.545197444
Appluimonia	17	4	0.565700556
Appluimonia	17	3	0.367401611
Appluimonia	17	2	0.493847222
Appluimonia	17	1	0.645303489
Appluimonia	17	0	0.694872589
Appluimonia	16	23	0.542171889
Appluimonia	16	22	0.440421889
Appluimonia	16	21	0.590953478
Appluimonia	16	20	0.276934378
Appluimonia	16	19	0.656265444
Appluimonia	16	18	0.592190378
Appluimonia	16	17	0.438246267
Appluimonia	16	16	0.479593122
Appluimonia	16	15	0.431209289
Appluimonia	16	14	0.933514011
Appluimonia	16	13	0.718157556
Appluimonia	16	12	0.562152474
Appluimonia	16	11	1.214207556
Appluimonia	16	10	0.562074556
Appluimonia	16	9	0.522543044
Appluimonia	16	8	0.531813722
Appluimonia	16	7	0.766729222
Appluimonia	16	6	0.669145822
Appluimonia	16	5	0.478179778
Appluimonia	16	4	0.639872
Appluimonia	16	3	0.412920767
Appluimonia	16	2	0.541849111
Appluimonia	16	1	0.673716444
Appluimonia	16	0	0.551467333
Appluimonia	15	23	0.474822689
Appluimonia	15	22	0.373913322
Appluimonia	15	21	0.454081778
Appluimonia	15	20	0.672012789
Appluimonia	15	19	0.425729056
Appluimonia	15	18	0.699520633
Appluimonia	15	17	0.465457378
Appluimonia	15	16	0.650823222
Appluimonia	15	15	0.626713867
Appluimonia	15	14	0.494726361
Appluimonia	15	13	0.518016154
Appluimonia	15	12	0.410187058
Appluimonia	15	11	0.575757169
Appluimonia	15	10	0.350548044
Appluimonia	15	9	0.904317189
Appluimonia	15	8	0.483228078
Appluimonia	15	7	0.778601956
Appluimonia	15	6	0.346970411
Appluimonia	15	5	0.620681456
Appluimonia	15	4	0.708459378
Appluimonia	15	3	0.460963556
Appluimonia	15	2	0.631107889
Appluimonia	15	1	0.530413267
Appluimonia	15	0	0.656941444
Appluimonia	14	23	0.592575467
Appluimonia	14	22	0.456297778
Appluimonia	14	21	0.616114144
Appluimonia	14	20	0.783201111
Appluimonia	14	19	0.376999889
Appluimonia	14	18	0.550649667
Appluimonia	14	17	0.4945857
Appluimonia	14	16	0.384486167
Appluimonia	14	15	0.804359556
Appluimonia	14	14	0.901999556
Appluimonia	14	13	0.580342789
Appluimonia	14	12	0.554409111
Appluimonia	14	11	0.930751556
Appluimonia	14	10	0.603543778
Appluimonia	14	9	0.574267889
Appluimonia	14	8	0.581313256
Appluimonia	14	7	0.639056722
Appluimonia	14	6	0.851578367
Appluimonia	14	5	0.526313344
Appluimonia	14	4	0.352864244
Appluimonia	14	3	0.416630556
Appluimonia	14	2	0.423386144
Appluimonia	14	1	0.540367411
Appluimonia	14	0	0.701013111
Appluimonia	13	23	0.944446222
Appluimonia	13	22	0.555664433
Appluimonia	13	21	0.696663133
Appluimonia	13	20	1.152517
Appluimonia	13	19	0.670235444
Appluimonia	13	18	0.636088111
Appluimonia	13	17	0.873393778
Appluimonia	13	16	0.549041556
Appluimonia	13	15	0.386743889
Appluimonia	13	14	0.495334233
Appluimonia	13	13	0.952772333
Appluimonia	13	12	0.552446333
Appluimonia	13	11	1.439085667
Appluimonia	13	10	0.910512189
Appluimonia	13	9	1.193799067
Appluimonia	13	8	0.558089111
Appluimonia	13	7	0.696204556
Appluimonia	13	6	0.7197721
Appluimonia	13	5	0.634273918
Appluimonia	13	4	0.399146111
Appluimonia	13	3	0.504196699
Appluimonia	13	2	0.483122656
Appluimonia	13	1	0.621922889
Appluimonia	13	0	0.624002778
Appluimonia	12	23	0.491883933
Appluimonia	12	22	0.598952886
Appluimonia	12	21	0.485373556
Appluimonia	12	20	0.571287756
Appluimonia	12	19	0.5175474
Appluimonia	12	18	0.800073056
Appluimonia	12	17	0.535706856
Appluimonia	12	16	0.629933556
Appluimonia	12	15	0.560735844
Appluimonia	12	14	0.559018811
Appluimonia	12	13	0.609356456
Appluimonia	12	12	0.499559367
Appluimonia	12	11	0.510493367
Appluimonia	12	10	0.403886967
Appluimonia	12	9	0.741335111
Appluimonia	12	8	0.791017222
Appluimonia	12	7	0.9606989
Appluimonia	12	6	0.425856756
Appluimonia	12	5	0.640159456
Appluimonia	12	4	0.571573933
Appluimonia	12	3	0.446738464
Appluimonia	12	2	0.707573
Appluimonia	12	1	0.5467642
Appluimonia	12	0	0.796736333
Appluimonia	11	23	0.468737044
Appluimonia	11	22	0.344113822
Appluimonia	11	21	0.403815878
Appluimonia	11	20	0.4321721
Appluimonia	11	19	0.741591667
Appluimonia	11	18	0.457417911
Appluimonia	11	17	0.868793111
Appluimonia	11	16	0.915098222
Appluimonia	11	15	0.272530933
Appluimonia	11	14	0.499313078
Appluimonia	11	13	0.534778333
Appluimonia	11	12	0.499825822
Appluimonia	11	11	0.508071333
Appluimonia	11	10	0.534231089
Appluimonia	11	9	0.6008301
Appluimonia	11	8	0.730616444
Appluimonia	11	7	0.487607498
Appluimonia	11	6	0.333097144
Appluimonia	11	5	0.777723489
Appluimonia	11	4	0.513787178
Appluimonia	11	3	0.576899189
Appluimonia	11	2	0.726448
Appluimonia	11	1	0.932775333
Appluimonia	11	0	0.476134333
Appluimonia	10	23	0.534690044
Appluimonia	10	22	0.684061244
Appluimonia	10	21	0.675402756
Appluimonia	10	20	0.518327478
Appluimonia	10	19	0.442574778
Appluimonia	10	18	0.461834167
Appluimonia	10	17	0.649988612
Appluimonia	10	16	0.654374689
Appluimonia	10	15	0.603643111
Appluimonia	10	14	0.7833005
Appluimonia	10	13	0.6682744
Appluimonia	10	12	0.635220522
Appluimonia	10	11	1.024726111
Appluimonia	10	10	0.448971856
Appluimonia	10	9	0.458743222
Appluimonia	10	8	0.573547889
Appluimonia	10	7	0.590923522
Appluimonia	10	6	0.599037711
Appluimonia	10	5	0.347826279
Appluimonia	10	4	0.567583867
Appluimonia	10	3	0.415555233
Appluimonia	10	2	1.553093578
Appluimonia	10	1	0.597935109
Appluimonia	10	0	0.5358436
Appluimonia	9	23	0.350713556
Appluimonia	9	22	0.588438556
Appluimonia	9	21	0.575207133
Appluimonia	9	20	0.751510744
Appluimonia	9	19	0.644653722
Appluimonia	9	18	0.782904111
Appluimonia	9	17	0.762833167
Appluimonia	9	16	0.377286
Appluimonia	9	15	0.530902333
Appluimonia	9	14	0.500910144
Appluimonia	9	13	0.642854811
Appluimonia	9	12	0.577757811
Appluimonia	9	11	0.934461667
Appluimonia	9	10	0.397452833
Appluimonia	9	9	0.395686978
Appluimonia	9	8	0.545747111
Appluimonia	9	7	0.494639
Appluimonia	9	6	0.492209089
Appluimonia	9	5	0.586694
Appluimonia	9	4	0.393250378
Appluimonia	9	3	0.507009222
Appluimonia	9	2	0.525805444
Appluimonia	9	1	0.650749078
Appluimonia	9	0	0.48273135
Appluimonia	8	23	0.406983722
Appluimonia	8	22	0.670093811
Appluimonia	8	21	0.395296844
Appluimonia	8	20	0.599663156
Appluimonia	8	19	0.545064667
Appluimonia	8	18	0.449869367
Appluimonia	8	17	0.486364922
Appluimonia	8	16	0.587683856
Appluimonia	8	15	0.465648467
Appluimonia	8	14	0.5625767
Appluimonia	8	13	0.508261556
Appluimonia	8	12	0.948326333
Appluimonia	8	11	0.726900111
Appluimonia	8	10	0.365613489
Appluimonia	8	9	0.478288222
Appluimonia	8	8	0.506785589
Appluimonia	8	7	0.539556389
Appluimonia	8	6	0.567018678
Appluimonia	8	5	0.730517333
Appluimonia	8	4	0.543457111
Appluimonia	8	3	0.533473889
Appluimonia	8	2	0.736501944
Appluimonia	8	1	0.509228
Appluimonia	8	0	0.564657
Appluimonia	7	23	0.756192114
Appluimonia	7	22	0.504398122
Appluimonia	7	21	0.477053822
Appluimonia	7	20	0.721022411
Appluimonia	7	19	0.904757633
Appluimonia	7	18	0.332089622
Appluimonia	7	17	0.580177456
Appluimonia	7	16	0.638642644
Appluimonia	7	15	0.735932556
Appluimonia	7	14	0.926756478
Appluimonia	7	13	0.307135722
Appluimonia	7	12	0.339928001
Appluimonia	7	11	0.3272195
Appluimonia	7	10	0.505215011
Appluimonia	7	9	0.755888056
Appluimonia	7	8	0.532957522
Appluimonia	7	7	0.496462143
Appluimonia	7	6	0.478848
Appluimonia	7	5	0.590855954
Appluimonia	7	4	0.5194245
Appluimonia	7	3	0.549927844
Appluimonia	7	2	0.531327333
Appluimonia	7	1	0.777812667
Appluimonia	6	23	0.3388992
Appluimonia	6	22	0.664810058
Appluimonia	6	21	0.425961889
Appluimonia	6	20	0.703843278
Appluimonia	6	19	0.5118036
Appluimonia	6	18	0.5985649
Appluimonia	6	17	0.560621667
Appluimonia	6	16	0.421539544
Appluimonia	6	15	0.374038222
Appluimonia	6	14	0.519162644
Appluimonia	6	13	0.446935722
Appluimonia	6	12	0.501882156
Appluimonia	6	11	0.599545778
Appluimonia	6	10	0.668927392
Appluimonia	6	9	0.599253667
Appluimonia	6	8	0.523858067
Appluimonia	6	7	0.581285489
Appluimonia	6	6	0.531016322
Appluimonia	6	5	0.566794793
Appluimonia	6	4	0.749289867
Appluimonia	6	3	0.743033667
Appluimonia	6	2	0.598466267
Appluimonia	6	1	0.672570111
Appluimonia	6	0	0.44649006
Appluimonia	5	23	0.629289311
Appluimonia	5	22	0.486509
Appluimonia	5	21	0.508859644
Appluimonia	5	20	0.509269111
Appluimonia	5	19	0.481073711
Appluimonia	5	18	0.577090956
Appluimonia	5	17	0.517890667
Appluimonia	5	16	0.741889667
Appluimonia	5	15	1.182230211
Appluimonia	5	14	0.509239778
Appluimonia	5	13	0.405424422
Appluimonia	5	12	1.249157889
Appluimonia	5	11	0.561440111
Appluimonia	5	10	0.429846989
Appluimonia	5	9	0.577660556
Appluimonia	5	8	0.721040211
Appluimonia	5	7	0.533281989
Appluimonia	5	6	0.408768556
Appluimonia	5	5	0.464541089
Appluimonia	5	4	0.776586111
Appluimonia	5	3	0.551823811
Appluimonia	5	2	0.570159478
Appluimonia	5	1	0.444184222
Appluimonia	5	0	0.619814556
Appluimonia	4	23	0.464361767
Appluimonia	4	22	0.283950022
Appluimonia	4	21	0.494609022
Appluimonia	4	20	0.573267689
Appluimonia	4	19	0.435438658
Appluimonia	4	18	0.369090933
Appluimonia	4	17	0.531844667
Appluimonia	4	16	0.367533744
Appluimonia	4	15	0.712432833
Appluimonia	4	14	0.455395633
Appluimonia	4	13	0.749601401
Appluimonia	4	12	0.528921111
Appluimonia	4	11	0.478298397
Appluimonia	4	10	0.476296
Appluimonia	4	9	0.684382544
Appluimonia	4	8	0.587901322
Appluimonia	4	7	0.531663324
Appluimonia	4	6	0.855592322
Appluimonia	4	5	0.411071822
Appluimonia	4	4	1.129418778
Appluimonia	4	3	0.568506989
Appluimonia	4	2	0.494458078
Appluimonia	4	1	0.588439833
Appluimonia	3	23	0.565992111
Appluimonia	3	22	0.547368844
Appluimonia	3	21	0.453723567
Appluimonia	3	20	0.494114467
Appluimonia	3	19	0.507527222
Appluimonia	3	18	0.473280267
Appluimonia	3	17	1.114716667
Appluimonia	3	16	0.542376233
Appluimonia	3	15	0.485613164
Appluimonia	3	14	0.633697633
Appluimonia	3	13	0.806436333
Appluimonia	3	12	0.995707333
Appluimonia	3	11	1.081060522
Appluimonia	3	10	0.497436889
Appluimonia	3	9	0.566368778
Appluimonia	3	8	0.6702222
Appluimonia	3	7	1.239394333
Appluimonia	3	6	0.547457078
Appluimonia	3	5	0.35877947
Appluimonia	3	4	0.322556267
Appluimonia	3	3	0.572587389
Appluimonia	3	2	0.518605222
Appluimonia	3	1	0.747243811
Appluimonia	3	0	0.545374256
Appluimonia	2	23	1.201327601
Appluimonia	2	22	0.464756544
Appluimonia	2	21	0.692909778
Appluimonia	2	20	0.584034189
Appluimonia	2	19	0.643665256
Appluimonia	2	18	0.461564789
Appluimonia	2	17	0.503060889
Appluimonia	2	16	0.449922222
Appluimonia	2	15	0.46130182
Appluimonia	2	14	0.789636889
Appluimonia	2	13	0.6087657
Appluimonia	2	12	0.626998956
Appluimonia	2	11	0.417895633
Appluimonia	2	10	0.691567556
Appluimonia	2	9	0.403819022
Appluimonia	2	8	1.898013711
Appluimonia	2	7	0.847034622
Appluimonia	2	6	0.541487944
Appluimonia	2	5	0.461470911
Appluimonia	2	4	0.4673105
Appluimonia	2	3	0.742346311
Appluimonia	2	2	0.57745466
Appluimonia	2	1	0.571796144
Appluimonia	1	23	0.552790744
Appluimonia	1	22	0.629978051
Appluimonia	1	21	0.503107
Appluimonia	1	20	0.473136248
Appluimonia	1	19	0.732374669
Appluimonia	1	18	0.424339889
Appluimonia	1	17	0.492421833
Appluimonia	1	16	0.537983589
Appluimonia	1	15	0.360172313
Appluimonia	1	14	1.061472333
Appluimonia	1	13	0.666566567
Appluimonia	1	12	0.957677667
Appluimonia	1	11	0.902137611
Appluimonia	1	10	0.550658767
Appluimonia	1	9	0.580578444
Appluimonia	1	8	0.356873256
Appluimonia	1	7	0.926620111
Appluimonia	1	6	0.769934129
Appluimonia	1	5	0.404914489
Appluimonia	1	4	0.747166511
Appluimonia	1	3	0.725140889
Appluimonia	1	2	0.823341889
Appluimonia	1	1	0.389577667
Appluimonia	1	0	0.485431844
AGOC-3A	31	23	0.535348889
AGOC-3A	31	22	0.419313337
AGOC-3A	31	21	0.8467665
AGOC-3A	31	20	0.589769178
AGOC-3A	31	19	0.416821526
AGOC-3A	31	18	0.610066333
AGOC-3A	31	17	1.0718457
AGOC-3A	31	16	0.777073078
AGOC-3A	31	15	0.370854567
AGOC-3A	31	14	0.689392489
AGOC-3A	31	13	0.572352667
AGOC-3A	31	12	0.437500589
AGOC-3A	31	11	0.650860461
AGOC-3A	31	10	0.6344225
AGOC-3A	31	9	0.534992333
AGOC-3A	31	8	0.493339456
AGOC-3A	31	7	0.545077444
AGOC-3A	31	6	0.6456575
AGOC-3A	31	5	0.694956867
AGOC-3A	31	4	0.624565111
AGOC-3A	31	3	0.713500011
AGOC-3A	31	2	0.695845839
AGOC-3A	31	1	0.433314322
AGOC-3A	31	0	0.700677111
AGOC-3A	30	23	0.449419844
AGOC-3A	30	22	0.549134778
AGOC-3A	30	21	0.293217756
AGOC-3A	30	20	0.810788233
AGOC-3A	30	19	0.660580667
AGOC-3A	30	18	0.368440691
AGOC-3A	30	17	0.44232345
AGOC-3A	30	16	0.49293246
AGOC-3A	30	15	0.717807856
AGOC-3A	30	14	0.545916222
AGOC-3A	30	13	0.861261392
AGOC-3A	30	12	0.480983978
AGOC-3A	30	11	0.578788994
AGOC-3A	30	10	1.350566956
AGOC-3A	30	9	0.462013778
AGOC-3A	30	8	0.391473533
AGOC-3A	30	7	0.671746567
AGOC-3A	30	6	0.4293194
AGOC-3A	30	5	0.604789222
AGOC-3A	30	4	0.618287889
AGOC-3A	30	3	0.751598689
AGOC-3A	30	2	0.770622944
AGOC-3A	30	1	0.670132111
AGOC-3A	30	0	0.3990332
AGOC-3A	29	23	0.725976222
AGOC-3A	29	22	0.393702911
AGOC-3A	29	21	0.935099478
AGOC-3A	29	20	0.7545617
AGOC-3A	29	19	0.354013922
AGOC-3A	29	18	0.479793689
AGOC-3A	29	17	0.470108556
AGOC-3A	29	16	0.838062667
AGOC-3A	29	15	0.596997667
AGOC-3A	29	14	0.531216122
AGOC-3A	29	13	0.8560382
AGOC-3A	29	12	0.513799189
AGOC-3A	29	11	0.631439422
AGOC-3A	29	10	0.601768711
AGOC-3A	29	9	0.462450633
AGOC-3A	29	8	0.401042719
AGOC-3A	29	7	0.617981878
AGOC-3A	29	6	0.511320056
AGOC-3A	29	5	0.774813856
AGOC-3A	29	4	0.691719389
AGOC-3A	29	3	0.4983243
AGOC-3A	29	2	0.5695196
AGOC-3A	29	1	0.4171797
AGOC-3A	29	0	0.816574956
AGOC-3A	28	23	0.553639667
AGOC-3A	28	22	0.582017444
AGOC-3A	28	21	0.586116667
AGOC-3A	28	20	0.550594111
AGOC-3A	28	19	0.713700233
AGOC-3A	28	18	0.718747167
AGOC-3A	28	17	0.774913
AGOC-3A	28	16	0.539195911
AGOC-3A	28	15	0.622321867
AGOC-3A	28	14	0.499446
AGOC-3A	28	13	0.571844111
AGOC-3A	28	12	0.414571222
AGOC-3A	28	11	0.579068556
AGOC-3A	28	10	0.672161444
AGOC-3A	28	9	0.645252322
AGOC-3A	28	8	0.709507
AGOC-3A	28	7	0.369718311
AGOC-3A	28	6	0.657422333
AGOC-3A	28	5	0.606099667
AGOC-3A	28	4	0.429546044
AGOC-3A	28	3	0.852424433
AGOC-3A	28	2	0.665640733
AGOC-3A	28	1	0.730311433
AGOC-3A	28	0	0.611933333
AGOC-3A	27	23	0.469285689
AGOC-3A	27	22	0.827834
AGOC-3A	27	21	0.551396722
AGOC-3A	27	20	0.610627778
AGOC-3A	27	19	0.749460444
AGOC-3A	27	18	0.512305711
AGOC-3A	27	17	0.703661667
AGOC-3A	27	16	0.585929944
AGOC-3A	27	15	0.74022563
AGOC-3A	27	14	0.530942911
AGOC-3A	27	13	0.428874322
AGOC-3A	27	12	0.479827444
AGOC-3A	27	11	0.875310444
AGOC-3A	27	10	0.450670889
AGOC-3A	27	9	0.429019422
AGOC-3A	27	8	0.586186556
AGOC-3A	27	7	0.486668082
AGOC-3A	27	6	0.427785322
AGOC-3A	27	5	0.732084978
AGOC-3A	27	4	0.739986
AGOC-3A	27	3	0.507526378
AGOC-3A	27	2	0.805212111
AGOC-3A	27	1	0.590918333
AGOC-3A	27	0	0.878914766
AGOC-3A	26	23	0.450704811
AGOC-3A	26	22	0.658139033
AGOC-3A	26	21	0.810271189
AGOC-3A	26	20	0.680670744
AGOC-3A	26	19	0.5185551
AGOC-3A	26	18	0.714419933
AGOC-3A	26	17	0.482889833
AGOC-3A	26	16	0.583380444
AGOC-3A	26	15	0.603250822
AGOC-3A	26	14	0.826778778
AGOC-3A	26	13	0.652520111
AGOC-3A	26	12	1.117609444
AGOC-3A	26	11	0.532958667
AGOC-3A	26	10	0.447358633
AGOC-3A	26	9	0.613944744
AGOC-3A	26	8	0.747813111
AGOC-3A	26	7	0.623859556
AGOC-3A	26	6	0.413205
AGOC-3A	26	5	0.416467556
AGOC-3A	26	4	0.576031089
AGOC-3A	26	3	0.452222111
AGOC-3A	26	2	0.426648311
AGOC-3A	26	1	0.415724889
AGOC-3A	26	0	0.759954489
AGOC-3A	25	23	0.474000111
AGOC-3A	25	22	0.485796933
AGOC-3A	25	21	2.070635
AGOC-3A	25	20	3.61173795
AGOC-3A	25	19	1.20420327
AGOC-3A	25	18	1.134375556
AGOC-3A	25	17	1.692418456
AGOC-3A	25	16	1.461670833
AGOC-3A	25	15	0.799843778
AGOC-3A	25	14	0.544128778
AGOC-3A	25	13	0.556885044
AGOC-3A	25	12	0.435992022
AGOC-3A	25	11	0.517464111
AGOC-3A	25	10	0.845815437
AGOC-3A	25	9	0.506210022
AGOC-3A	25	8	0.740472156
AGOC-3A	25	7	0.439460667
AGOC-3A	25	6	0.452596189
AGOC-3A	25	5	0.419916644
AGOC-3A	25	4	0.829032444
AGOC-3A	25	3	0.490527778
AGOC-3A	25	2	0.532159444
AGOC-3A	25	1	0.567536822
AGOC-3A	25	0	0.6726701
AGOC-3A	24	23	0.448070067
AGOC-3A	24	22	0.526407333
AGOC-3A	24	21	0.517345722
AGOC-3A	24	20	2.33934189
AGOC-3A	24	19	0.534310911
AGOC-3A	24	18	0.603309189
AGOC-3A	24	17	0.553632767
AGOC-3A	24	16	0.585647044
AGOC-3A	24	15	0.636770278
AGOC-3A	24	14	1.534728169
AGOC-3A	24	13	0.481431556
AGOC-3A	24	12	1.190735968
AGOC-3A	24	11	0.883355
AGOC-3A	24	10	0.567230131
AGOC-3A	24	9	0.412755433
AGOC-3A	24	8	0.553641667
AGOC-3A	24	7	1.192057189
AGOC-3A	24	6	2.780585818
AGOC-3A	24	5	0.591600778
AGOC-3A	24	4	0.572941411
AGOC-3A	24	3	0.900097844
AGOC-3A	24	2	0.628572056
AGOC-3A	24	1	0.544157333
AGOC-3A	24	0	0.744582
AGOC-3A	23	23	0.443329322
AGOC-3A	23	22	0.924980222
AGOC-3A	23	21	0.535437111
AGOC-3A	23	20	0.526405867
AGOC-3A	23	19	0.554952154
AGOC-3A	23	18	0.520383
AGOC-3A	23	17	0.530927222
AGOC-3A	23	16	0.34171764
AGOC-3A	23	15	0.569880333
AGOC-3A	23	14	0.748305333
AGOC-3A	23	13	0.577160667
AGOC-3A	23	12	0.702493833
AGOC-3A	23	11	0.978889111
AGOC-3A	23	10	0.828902911
AGOC-3A	23	9	0.725890089
AGOC-3A	23	8	0.552495222
AGOC-3A	23	7	3.4282841
AGOC-3A	23	6	5.152289
AGOC-3A	23	5	0.359778811
AGOC-3A	23	4	0.666118022
AGOC-3A	23	3	0.492549844
AGOC-3A	23	2	0.543475611
AGOC-3A	23	1	0.779862089
AGOC-3A	23	0	0.488453589
AGOC-3A	22	23	0.647487289
AGOC-3A	22	22	0.802048711
AGOC-3A	22	21	0.608264
AGOC-3A	22	20	0.6341317
AGOC-3A	22	19	0.398807289
AGOC-3A	22	18	0.727277084
AGOC-3A	22	17	0.574261267
AGOC-3A	22	16	0.393759656
AGOC-3A	22	15	0.566333702
AGOC-3A	22	14	0.734872933
AGOC-3A	22	13	0.6944246
AGOC-3A	22	12	0.607150178
AGOC-3A	22	11	0.562187778
AGOC-3A	22	10	0.470294011
AGOC-3A	22	9	2.8998328
AGOC-3A	22	8	1.07289874
AGOC-3A	22	7	0.586752
AGOC-3A	22	6	0.603227344
AGOC-3A	22	5	0.594951111
AGOC-3A	22	4	0.791144011
AGOC-3A	22	3	0.934147111
AGOC-3A	22	2	0.8195312
AGOC-3A	22	1	0.521160267
AGOC-3A	22	0	0.446224556
AGOC-3A	21	23	0.8433519
AGOC-3A	21	22	0.628510467
AGOC-3A	21	21	0.957399756
AGOC-3A	21	20	0.855431956
AGOC-3A	21	19	0.665054467
AGOC-3A	21	18	0.620763333
AGOC-3A	21	17	0.549365778
AGOC-3A	21	16	4.9761298
AGOC-3A	21	15	2.7921278
AGOC-3A	21	14	4.73999512
AGOC-3A	21	13	0.523378611
AGOC-3A	21	12	1.3936284
AGOC-3A	21	11	0.471875189
AGOC-3A	21	10	1.72867658
AGOC-3A	21	9	1.74237706
AGOC-3A	21	8	0.74307411
AGOC-3A	21	7	0.587336778
AGOC-3A	21	6	1.011067422
AGOC-3A	21	5	0.337895469
AGOC-3A	21	4	0.536453368
AGOC-3A	21	3	0.647109444
AGOC-3A	21	2	0.602343222
AGOC-3A	21	1	0.735253111
AGOC-3A	21	0	0.815290278
AGOC-3A	20	23	0.898721956
AGOC-3A	20	22	0.727511833
AGOC-3A	20	21	0.373223767
AGOC-3A	20	20	0.469963622
AGOC-3A	20	19	0.564074333
AGOC-3A	20	18	0.481161
AGOC-3A	20	17	0.718995356
AGOC-3A	20	16	0.873470078
AGOC-3A	20	15	0.601656456
AGOC-3A	20	14	0.640636722
AGOC-3A	20	13	2.48021588
AGOC-3A	20	12	1.43762514
AGOC-3A	20	11	0.567162133
AGOC-3A	20	10	3.56532823
AGOC-3A	20	9	0.812180556
AGOC-3A	20	8	0.771951544
AGOC-3A	20	7	0.526589867
AGOC-3A	20	6	2.53782829
AGOC-3A	20	5	1.019419144
AGOC-3A	20	4	0.722776889
AGOC-3A	20	3	0.807186256
AGOC-3A	20	2	0.648385111
AGOC-3A	20	1	0.623496
AGOC-3A	20	0	0.411031889
AGOC-3A	19	23	0.772206111
AGOC-3A	19	22	0.383159489
AGOC-3A	19	21	0.711152244
AGOC-3A	19	20	0.57895676
AGOC-3A	19	19	0.455112767
AGOC-3A	19	18	0.401707804
AGOC-3A	19	17	0.6065317
AGOC-3A	19	16	0.762791693
AGOC-3A	19	15	0.422079678
AGOC-3A	19	14	0.569806556
AGOC-3A	19	13	0.644070778
AGOC-3A	19	12	0.534340667
AGOC-3A	19	11	0.600410167
AGOC-3A	19	10	0.430333733
AGOC-3A	19	9	0.743075867
AGOC-3A	19	8	0.4588458
AGOC-3A	19	7	0.511138844
AGOC-3A	19	6	0.833254167
AGOC-3A	19	5	0.466915978
AGOC-3A	19	4	0.788916333
AGOC-3A	19	3	0.686125111
AGOC-3A	19	2	0.496767833
AGOC-3A	19	1	0.3635266
AGOC-3A	19	0	0.470985556
AGOC-3A	18	23	0.884553199
AGOC-3A	18	22	0.834620389
AGOC-3A	18	21	0.494270778
AGOC-3A	18	20	0.825915911
AGOC-3A	18	19	0.485579444
AGOC-3A	18	18	0.881577333
AGOC-3A	18	17	0.469470197
AGOC-3A	18	16	6.6199186
AGOC-3A	18	15	0.434328333
AGOC-3A	18	14	0.609369789
AGOC-3A	18	13	1.466224211
AGOC-3A	18	12	1.3064468
AGOC-3A	18	11	0.669929844
AGOC-3A	18	10	4.32208079
AGOC-3A	18	9	1.25089674
AGOC-3A	18	8	2.3928159
AGOC-3A	18	7	1.73098333
AGOC-3A	18	6	1.14631171
AGOC-3A	18	5	0.638128222
AGOC-3A	18	4	0.583696711
AGOC-3A	18	3	0.568220022
AGOC-3A	18	2	0.556816389
AGOC-3A	18	1	0.464044333
AGOC-3A	18	0	0.541499
AGOC-3A	17	23	0.504374489
AGOC-3A	17	22	0.626166156
AGOC-3A	17	21	0.5384252
AGOC-3A	17	20	0.513894889
AGOC-3A	17	19	0.632890878
AGOC-3A	17	18	0.411344676
AGOC-3A	17	17	0.622804156
AGOC-3A	17	16	0.570722011
AGOC-3A	17	15	0.516401511
AGOC-3A	17	14	0.468851722
AGOC-3A	17	13	0.289190072
AGOC-3A	17	12	0.478770572
AGOC-3A	17	11	3.73127591
AGOC-3A	17	10	0.620911
AGOC-3A	17	9	0.444876099
AGOC-3A	17	8	2.60260514
AGOC-3A	17	7	0.470569333
AGOC-3A	17	6	3.41057231
AGOC-3A	17	5	0.7345006
AGOC-3A	17	4	0.951888111
AGOC-3A	17	3	0.601408111
AGOC-3A	17	2	0.488492611
AGOC-3A	17	1	0.675793622
AGOC-3A	17	0	1.010855467
AGOC-3A	16	23	0.587601356
AGOC-3A	16	22	0.5674822
AGOC-3A	16	21	0.550649556
AGOC-3A	16	20	0.535819444
AGOC-3A	16	19	0.554718778
AGOC-3A	16	18	0.522957556
AGOC-3A	16	17	0.573244111
AGOC-3A	16	16	0.696910567
AGOC-3A	16	15	0.443386222
AGOC-3A	16	14	4.0015013
AGOC-3A	16	13	1.100130111
AGOC-3A	16	12	1.0544181
AGOC-3A	16	11	2.77374486
AGOC-3A	16	10	2.24786531
AGOC-3A	16	9	0.575361067
AGOC-3A	16	8	0.533017667
AGOC-3A	16	7	0.526254611
AGOC-3A	16	6	2.7256564
AGOC-3A	16	5	1.07691
AGOC-3A	16	4	0.422988933
AGOC-3A	16	3	0.733521589
AGOC-3A	16	2	0.8447644
AGOC-3A	16	1	0.413451378
AGOC-3A	16	0	0.501618952
AGOC-3A	15	23	0.657148
AGOC-3A	15	22	0.659102122
AGOC-3A	15	21	0.487297144
AGOC-3A	15	20	0.477788544
AGOC-3A	15	19	0.672571556
AGOC-3A	15	18	0.564714989
AGOC-3A	15	17	0.558075
AGOC-3A	15	16	0.495152344
AGOC-3A	15	15	0.499946467
AGOC-3A	15	14	1.114351433
AGOC-3A	15	13	0.783184444
AGOC-3A	15	12	0.865868111
AGOC-3A	15	11	0.613834667
AGOC-3A	15	10	0.425034222
AGOC-3A	15	9	0.493059556
AGOC-3A	15	8	0.362761978
AGOC-3A	15	7	0.798882722
AGOC-3A	15	6	0.414297322
AGOC-3A	15	5	0.679923444
AGOC-3A	15	4	0.397836467
AGOC-3A	15	3	0.501692244
AGOC-3A	15	2	0.672117878
AGOC-3A	15	1	0.729393789
AGOC-3A	15	0	0.3537588
AGOC-3A	14	23	0.800068667
AGOC-3A	14	22	0.464642389
AGOC-3A	14	21	0.567491204
AGOC-3A	14	20	0.477292144
AGOC-3A	14	19	0.644426
AGOC-3A	14	18	3.06761052
AGOC-3A	14	17	2.78974355
AGOC-3A	14	16	0.547919889
AGOC-3A	14	15	0.270205782
AGOC-3A	14	14	1.57718405
AGOC-3A	14	13	0.379976667
AGOC-3A	14	12	2.39689997
AGOC-3A	14	11	1.27797627
AGOC-3A	14	10	0.529471167
AGOC-3A	14	9	0.367055311
AGOC-3A	14	8	0.4192762
AGOC-3A	14	7	1.14486395
AGOC-3A	14	6	1.27175146
AGOC-3A	14	5	0.644675778
AGOC-3A	14	4	0.923947433
AGOC-3A	14	3	0.946607778
AGOC-3A	14	2	0.464438
AGOC-3A	14	1	0.706361422
AGOC-3A	14	0	0.615801446
AGOC-3A	13	23	0.854886111
AGOC-3A	13	22	0.689657656
AGOC-3A	13	21	1.82834759
AGOC-3A	13	20	1.65603798
AGOC-3A	13	19	0.533072
AGOC-3A	13	18	2.4605571
AGOC-3A	13	17	6.7491422
AGOC-3A	13	16	0.5696972
AGOC-3A	13	15	1.025722667
AGOC-3A	13	14	2.19127914
AGOC-3A	13	13	9.4783086
AGOC-3A	13	12	3.25541746
AGOC-3A	13	11	6.26920849
AGOC-3A	13	10	5.9740969
AGOC-3A	13	9	9.83896308
AGOC-3A	13	8	0.517352611
AGOC-3A	13	7	1.328154578
AGOC-3A	13	6	0.584723444
AGOC-3A	13	5	0.470545556
AGOC-3A	13	4	1.028342244
AGOC-3A	13	3	0.763704456
AGOC-3A	13	2	0.456190689
AGOC-3A	13	1	0.548116
AGOC-3A	13	0	0.477163184
AGOC-3A	12	23	0.641254233
AGOC-3A	12	22	0.699725
AGOC-3A	12	21	0.676803356
AGOC-3A	12	20	0.541829556
AGOC-3A	12	19	0.648824822
AGOC-3A	12	18	3.25838813
AGOC-3A	12	17	0.442425356
AGOC-3A	12	16	0.490699011
AGOC-3A	12	15	0.516271556
AGOC-3A	12	14	0.438821133
AGOC-3A	12	13	1.96686068
AGOC-3A	12	12	9.7932112
AGOC-3A	12	11	4.58977793
AGOC-3A	12	10	0.881653444
AGOC-3A	12	9	0.840558411
AGOC-3A	12	8	0.392097111
AGOC-3A	12	7	0.575651744
AGOC-3A	12	6	5.3117047
AGOC-3A	12	5	0.652393044
AGOC-3A	12	4	0.643474678
AGOC-3A	12	3	0.866030789
AGOC-3A	12	2	0.411844437
AGOC-3A	12	1	0.430996833
AGOC-3A	12	0	0.454749278
AGOC-3A	11	23	0.526067222
AGOC-3A	11	22	0.620485289
AGOC-3A	11	21	0.479609822
AGOC-3A	11	20	0.396803111
AGOC-3A	11	19	0.355753758
AGOC-3A	11	18	6.03531601
AGOC-3A	11	17	8.20794673
AGOC-3A	11	16	0.473435633
AGOC-3A	11	15	0.544656444
AGOC-3A	11	14	1.02460953
AGOC-3A	11	13	1.23910594
AGOC-3A	11	12	1.65615663
AGOC-3A	11	11	2.29888851
AGOC-3A	11	10	0.5800767
AGOC-3A	11	9	0.706200111
AGOC-3A	11	8	0.480552556
AGOC-3A	11	7	2.05694846
AGOC-3A	11	6	1.303815
AGOC-3A	11	5	0.30728188
AGOC-3A	11	4	0.4969398
AGOC-3A	11	3	0.704055
AGOC-3A	11	2	0.423045854
AGOC-3A	11	1	0.735583611
AGOC-3A	11	0	0.989408722
AGOC-3A	10	23	1.0980596
AGOC-3A	10	22	0.624930111
AGOC-3A	10	21	1.33070529
AGOC-3A	10	20	0.825477956
AGOC-3A	10	19	0.569792789
AGOC-3A	10	18	0.439002822
AGOC-3A	10	17	0.806303
AGOC-3A	10	16	0.503389789
AGOC-3A	10	15	0.625532456
AGOC-3A	10	14	0.700521333
AGOC-3A	10	13	2.2352478
AGOC-3A	10	12	0.473674178
AGOC-3A	10	11	0.817399822
AGOC-3A	10	10	0.322075556
AGOC-3A	10	9	2.27684762
AGOC-3A	10	8	0.567811689
AGOC-3A	10	7	3.08186255
AGOC-3A	10	6	0.497960811
AGOC-3A	10	5	0.632440778
AGOC-3A	10	4	0.509529011
AGOC-3A	10	3	1.084770544
AGOC-3A	10	2	0.670272178
AGOC-3A	10	1	1.226174556
AGOC-3A	10	0	0.988412767
AGOC-3A	9	23	0.3526049
AGOC-3A	9	22	0.633258333
AGOC-3A	9	21	0.563830667
AGOC-3A	9	20	6.675898582
AGOC-3A	9	19	2.96771371
AGOC-3A	9	18	0.4173506
AGOC-3A	9	17	0.330383456
AGOC-3A	9	16	0.598847333
AGOC-3A	9	15	0.576981444
AGOC-3A	9	14	0.402248122
AGOC-3A	9	13	0.3881618
AGOC-3A	9	12	0.295683322
AGOC-3A	9	11	0.532862433
AGOC-3A	9	10	0.449344667
AGOC-3A	9	9	0.471283778
AGOC-3A	9	8	0.618064778
AGOC-3A	9	7	0.512266778
AGOC-3A	9	6	0.674348222
AGOC-3A	9	5	0.597270256
AGOC-3A	9	4	0.605338889
AGOC-3A	9	3	0.574909222
AGOC-3A	9	2	0.518511933
AGOC-3A	9	1	0.5099772
AGOC-3A	9	0	0.654904111
AGOC-3A	8	23	0.481448711
AGOC-3A	8	22	0.761360022
AGOC-3A	8	21	0.559039322
AGOC-3A	8	20	0.559076556
AGOC-3A	8	19	0.315602644
AGOC-3A	8	18	0.289575389
AGOC-3A	8	17	0.463150478
AGOC-3A	8	16	0.483651333
AGOC-3A	8	15	0.889945044
AGOC-3A	8	14	2.408710796
AGOC-3A	8	13	0.99179722
AGOC-3A	8	12	0.471128667
AGOC-3A	8	11	2.077334724
AGOC-3A	8	10	2.11044503
AGOC-3A	8	9	3.0055559
AGOC-3A	8	8	3.9611748
AGOC-3A	8	7	0.713179
AGOC-3A	8	6	0.490329722
AGOC-3A	8	5	0.608870544
AGOC-3A	8	4	0.342051322
AGOC-3A	8	3	0.613918667
AGOC-3A	8	2	0.606344419
AGOC-3A	8	1	0.428941622
AGOC-3A	8	0	0.387758333
AGOC-3A	7	23	0.606864811
AGOC-3A	7	22	0.479517494
AGOC-3A	7	21	0.330956411
AGOC-3A	7	20	0.470400778
AGOC-3A	7	19	0.782431867
AGOC-3A	7	18	0.488621889
AGOC-3A	7	17	0.533291961
AGOC-3A	7	16	0.634595556
AGOC-3A	7	15	0.449913633
AGOC-3A	7	14	0.411664378
AGOC-3A	7	13	0.838546544
AGOC-3A	7	12	0.4860149
AGOC-3A	7	11	0.706599778
AGOC-3A	7	10	0.461065633
AGOC-3A	7	9	0.535744156
AGOC-3A	7	8	0.653110556
AGOC-3A	7	7	0.435555456
AGOC-3A	7	6	0.590650311
AGOC-3A	7	5	0.576203378
AGOC-3A	7	4	0.5777994
AGOC-3A	7	3	0.430381678
AGOC-3A	7	2	0.857716256
AGOC-3A	7	1	0.760485
AGOC-3A	6	23	0.312706722
AGOC-3A	6	22	0.517334289
AGOC-3A	6	21	0.450004033
AGOC-3A	6	20	0.472298889
AGOC-3A	6	19	0.585671222
AGOC-3A	6	18	0.6012658
AGOC-3A	6	17	0.652425589
AGOC-3A	6	16	4.55439945
AGOC-3A	6	15	2.510950995
AGOC-3A	6	14	0.463831111
AGOC-3A	6	13	0.612149111
AGOC-3A	6	12	0.388197389
AGOC-3A	6	11	0.427860856
AGOC-3A	6	10	0.581155456
AGOC-3A	6	9	0.4437968
AGOC-3A	6	8	4.03511758
AGOC-3A	6	7	2.1947275
AGOC-3A	6	6	1.4846756
AGOC-3A	6	5	1.172677178
AGOC-3A	6	4	1.2456082
AGOC-3A	6	3	0.521717922
AGOC-3A	6	2	0.674218222
AGOC-3A	6	1	0.4812674
AGOC-3A	6	0	0.368845778
AGOC-3A	5	23	0.589237722
AGOC-3A	5	22	0.965902778
AGOC-3A	5	21	1.50320207
AGOC-3A	5	20	0.483018922
AGOC-3A	5	19	0.468949844
AGOC-3A	5	18	0.504664044
AGOC-3A	5	17	0.564815444
AGOC-3A	5	16	0.506688944
AGOC-3A	5	15	0.582319267
AGOC-3A	5	14	0.478177267
AGOC-3A	5	13	0.592546
AGOC-3A	5	12	0.4351435
AGOC-3A	5	11	0.660098556
AGOC-3A	5	10	0.630273778
AGOC-3A	5	9	0.569517578
AGOC-3A	5	8	0.560376556
AGOC-3A	5	7	0.590232389
AGOC-3A	5	6	0.405106112
AGOC-3A	5	5	0.382719622
AGOC-3A	5	4	0.363305222
AGOC-3A	5	3	0.388498189
AGOC-3A	5	2	0.555905333
AGOC-3A	5	1	0.471881
AGOC-3A	5	0	0.480413
AGOC-3A	4	23	0.517134222
AGOC-3A	4	22	0.474282209
AGOC-3A	4	21	0.386708711
AGOC-3A	4	20	0.671534333
AGOC-3A	4	19	0.441555556
AGOC-3A	4	18	0.665175011
AGOC-3A	4	17	0.755370511
AGOC-3A	4	16	0.379964
AGOC-3A	4	15	1.25706527
AGOC-3A	4	14	0.548842889
AGOC-3A	4	13	0.633210689
AGOC-3A	4	12	0.693336111
AGOC-3A	4	11	0.446089793
AGOC-3A	4	10	0.625098808
AGOC-3A	4	9	0.9851016
AGOC-3A	4	8	0.453003756
AGOC-3A	4	7	0.429249011
AGOC-3A	4	6	0.528824411
AGOC-3A	4	5	0.660428556
AGOC-3A	4	4	0.439161311
AGOC-3A	4	3	0.684671556
AGOC-3A	4	2	0.499106297
AGOC-3A	4	1	0.450297167
AGOC-3A	3	23	0.667155667
AGOC-3A	3	22	1.029141778
AGOC-3A	3	21	0.450160356
AGOC-3A	3	20	0.473753433
AGOC-3A	3	19	0.513435
AGOC-3A	3	18	0.583342178
AGOC-3A	3	17	1.121776611
AGOC-3A	3	16	0.412406756
AGOC-3A	3	15	0.410779297
AGOC-3A	3	14	1.134590444
AGOC-3A	3	13	0.565856578
AGOC-3A	3	12	0.597477111
AGOC-3A	3	11	0.598603544
AGOC-3A	3	10	0.560910889
AGOC-3A	3	9	0.971192744
AGOC-3A	3	8	2.21301282
AGOC-3A	3	7	2.18730114
AGOC-3A	3	6	0.655067889
AGOC-3A	3	5	0.710039722
AGOC-3A	3	4	1.053273
AGOC-3A	3	3	0.519573522
AGOC-3A	3	2	1.023970111
AGOC-3A	3	1	0.378474444
AGOC-3A	3	0	0.578466833
AGOC-3A	2	23	1.246491967
AGOC-3A	2	22	1.644536222
AGOC-3A	2	21	0.669228311
AGOC-3A	2	20	2.5907624
AGOC-3A	2	19	0.550247222
AGOC-3A	2	18	0.373587811
AGOC-3A	2	17	0.447673333
AGOC-3A	2	16	0.650847389
AGOC-3A	2	15	0.418402178
AGOC-3A	2	14	1.85392517
AGOC-3A	2	13	0.510945878
AGOC-3A	2	12	0.398912067
AGOC-3A	2	11	0.771845111
AGOC-3A	2	10	0.631721833
AGOC-3A	2	9	0.593181667
AGOC-3A	2	8	0.467355667
AGOC-3A	2	7	0.965949222
AGOC-3A	2	6	0.522346133
AGOC-3A	2	5	0.626478211
AGOC-3A	2	4	1.310870556
AGOC-3A	2	3	0.692423667
AGOC-3A	2	2	0.866093778
AGOC-3A	2	1	1.2272244
AGOC-3A	2	0	3.75953
AGOC-3A	1	23	1.215085322
AGOC-3A	1	22	0.962976133
AGOC-3A	1	21	4.52352321
AGOC-3A	1	20	0.867923422
AGOC-3A	1	19	3.89682778
AGOC-3A	1	18	0.501444978
AGOC-3A	1	17	1.211757222
AGOC-3A	1	16	0.557098656
AGOC-3A	1	15	0.715798252
AGOC-3A	1	14	7.84800214
AGOC-3A	1	13	1.679187019
AGOC-3A	1	12	0.596247222
AGOC-3A	1	11	0.434252878
AGOC-3A	1	10	3.38167996
AGOC-3A	1	9	3.5635192
AGOC-3A	1	8	0.833344911
AGOC-3A	1	7	1.0823337
AGOC-3A	1	6	1.02952055
AGOC-3A	1	5	0.860472111
AGOC-3A	1	4	0.719290933
AGOC-3A	1	3	0.585409922
AGOC-3A	1	2	0.597413467
AGOC-3A	1	1	0.671633222
AGOC-3A	1	0	0.517585133